ID,SUM(additions),SUM(deletions),SUM(num_easy_y1),year,status
1,1,1,0,2010,new
2,73,27,0,2010,new
3,3,1,0,2011,new
4,93,44,0,2011,new
5,5078,5083,0,2011,new
6,937,644,0,2011,new
7,12072,12067,0,2011,new
8,732,652,0,2011,new
9,369,108,0,2011,new
10,1,1,0,2011,new
11,1042,139,0,2011,new
12,118,20,0,2011,new
13,253,64,0,2011,new
14,192,14,0,2011,new
15,1,1,0,2011,new
16,40,5,0,2011,new
17,3658,2553,0,2011,new
18,4319,593,0,2011,new
19,162,139,0,2011,new
20,281,211,0,2011,new
21,11623,4050,0,2011,new
22,503,128,0,2011,new
23,479,192,0,2011,new
24,284,150,0,2011,new
25,10,10,0,2011,new
26,205,88,0,2011,new
27,1046,1949,0,2011,new
28,19,13,0,2012,new
29,4,4,0,2012,new
30,8,8,0,2012,new
31,133,7,0,2012,new
32,5,11,0,2012,new
33,34,12,0,2012,new
34,222,241,0,2012,new
35,1,1,0,2012,new
36,141,62,0,2012,new
37,8217,4402,0,2012,new
38,2,2,0,2012,new
39,84,75,0,2012,new
40,10,14,0,2012,new
41,2,2,0,2012,new
42,300,16,0,2012,new
43,3,1,0,2012,new
44,31,32,0,2012,new
45,125,37,0,2012,new
46,17,17,0,2012,new
47,2,2,0,2012,new
48,191,255,0,2012,new
49,46,21,0,2012,new
50,2172,1208,0,2012,new
51,20,50,0,2012,new
52,148,180,0,2012,new
53,40,0,0,2012,new
54,1,1,0,2012,new
55,8389,8208,0,2012,new
56,2262,4246,0,2012,new
57,31,20,0,2012,new
58,445,147,0,2012,new
59,1,1,0,2012,new
60,253,105,0,2012,new
61,316,1,0,2012,new
62,77,53,0,2012,new
63,1686,1418,0,2012,new
64,316,258,0,2012,new
65,188,57,0,2012,new
66,7,7,0,2012,new
67,599,30,0,2012,new
68,34,2,0,2012,new
69,1,1,0,2012,new
70,4,3,0,2012,new
71,3890,1877,0,2012,new
72,365,12,0,2012,new
73,6,1,0,2012,new
74,121,90,0,2012,new
75,351,564,0,2012,new
76,12405,18713,0,2012,new
77,5,2,0,2012,new
78,25,9,0,2012,new
79,33,33,0,2012,new
80,5,5,0,2012,new
81,12,10,0,2012,new
82,18,3,0,2012,new
83,1,1,0,2012,new
84,5757,3762,0,2012,new
85,156,79,0,2012,new
86,3,3,0,2012,new
87,39,28,0,2012,new
88,2290,1260,0,2012,new
89,87,13,0,2012,new
90,35,48,0,2012,new
91,29,6,0,2012,new
92,25941,21141,0,2012,new
93,893,641,0,2012,new
94,5,5,0,2012,new
95,186,114,0,2012,new
96,2,2,0,2012,new
97,42,25,0,2012,new
98,67,51,0,2012,new
99,1,1,0,2012,new
100,5,2,0,2012,new
101,1,1,0,2012,new
102,197,33,0,2012,new
103,3,2,0,2012,new
104,64,2,0,2012,new
105,1653,832,0,2012,new
106,33,9,0,2012,new
107,67,9,0,2012,new
108,1,1,0,2012,new
109,34,12,0,2012,new
110,1,1,0,2012,new
111,521,600,0,2012,new
112,1,1,0,2012,new
113,17,15,0,2012,new
114,5,5,0,2012,new
115,2,2,0,2012,new
116,4058,1660,0,2012,new
117,70,1,0,2012,new
118,172,325,0,2012,new
119,352,173,0,2012,new
120,2,2,0,2012,new
121,1,1,0,2012,new
122,1,1,0,2012,new
123,1305,451,0,2012,new
124,4,3,0,2012,new
125,37,9,0,2012,new
126,1701,396,0,2012,new
127,6,10,0,2012,new
128,939,58,0,2012,new
129,9,112,0,2012,new
130,9,9,0,2012,new
131,2,2,0,2012,new
132,19,69,0,2012,new
133,33,18,0,2012,new
134,872,194,0,2012,new
135,2730,1242,0,2012,new
136,1331,1096,0,2013,new
137,1635,1041,0,2013,new
138,3,5,0,2013,new
139,1,1,0,2013,new
140,79,7,0,2013,new
141,201,118,0,2013,new
142,137,8,0,2013,new
143,302,43,0,2013,new
144,3,1,0,2013,new
145,10051,7664,0,2013,intermediate
146,139577,172007,1,2013,new
147,1,1,0,2013,new
148,16851,13868,0,2013,new
149,201,106,0,2013,new
150,1,1,0,2013,new
151,2,2,0,2013,new
152,3583,2003,0,2013,new
153,226,116,0,2013,new
154,287,0,0,2013,new
155,31,2,0,2013,new
156,7,3,0,2013,new
157,106,6,0,2013,new
158,6,6,0,2013,new
159,6,6,0,2013,new
160,1,1,0,2013,new
161,44,6,0,2013,new
162,1,1,0,2013,new
163,125780,124625,0,2013,intermediate
164,8377,5777,0,2013,new
165,64,63,0,2013,new
166,731,644,0,2013,new
167,2411,1537,0,2013,new
168,38,6,0,2013,new
169,183592,179998,0,2013,new
170,43,68,0,2013,new
171,61,42,0,2013,new
172,31,19,0,2013,new
173,32,5,0,2013,new
174,2178,1416,0,2013,new
175,2,3,0,2013,new
176,2,2,0,2013,new
177,23,13,0,2013,new
178,116,52,0,2013,new
179,2,3,0,2013,new
180,118,2,0,2013,new
181,4125,1790,0,2013,new
182,3999,3460,0,2013,new
183,0,2,0,2013,new
184,198,23,0,2013,new
185,1,0,0,2013,new
186,2,2,0,2013,new
187,237,10,0,2013,new
188,21,1,0,2013,new
189,1,1,0,2013,new
190,1128,163,0,2013,new
191,287,159,0,2013,new
192,33,4,0,2013,new
193,31,4,0,2013,new
194,24,0,0,2013,new
195,2197,1220,0,2013,new
196,1468,1320,0,2013,new
197,7,6,0,2013,new
198,172,11,0,2013,new
199,38,37,0,2013,new
200,4,4,0,2013,new
201,23,18,0,2013,new
202,7338,4180,0,2013,new
203,1,1,0,2013,new
204,2,2,0,2013,new
205,14,10,0,2013,new
206,33,21,0,2013,new
207,21,5,0,2013,new
208,113,99,0,2013,new
209,2,2,0,2013,new
210,56,138,0,2013,new
211,23,3,0,2013,new
212,168,26,0,2013,new
213,79,9,0,2013,new
214,2,1,0,2013,new
215,62,30,0,2013,new
216,80171,46060,0,2013,new
217,11,2,0,2013,new
218,2059,1836,0,2013,new
219,34,10,0,2013,new
220,596,125,0,2013,new
221,1,1,0,2013,new
222,2152,766,0,2013,new
223,143,78,0,2013,new
224,16,16,0,2013,new
225,35,17,0,2013,new
226,11,6,0,2013,new
227,1,1,0,2013,new
228,33,11,0,2013,new
229,2,2,0,2013,new
230,1,1,0,2013,new
231,5,2,0,2013,new
232,316,161,0,2013,new
233,67707,43199,0,2013,new
234,15004,61,0,2013,new
235,10400,6811,0,2013,new
236,160,26,0,2013,new
237,4980,3981,0,2013,new
238,2,2,0,2013,new
239,3167,2462,0,2013,new
240,102844,45553,0,2013,new
241,590,380,0,2013,new
242,291,21,0,2013,new
243,61,24,0,2013,new
244,111,82,0,2013,new
245,47,1,0,2013,new
246,18,0,0,2013,new
247,209,216,0,2013,new
248,619,169,0,2013,new
249,12,1,0,2013,new
250,31,3,0,2013,new
251,46723,36083,0,2013,new
252,1399,864,0,2013,new
253,94,13,0,2013,new
254,636,179,0,2013,new
255,17,13,0,2013,new
256,4,3,0,2013,new
257,570,543,0,2013,new
258,2,2,0,2013,new
259,8475,6639,0,2013,new
260,44,44,0,2013,new
261,11,0,0,2013,new
262,773,365,0,2013,new
263,2,2,0,2013,new
264,121,2,0,2013,new
265,8,6,0,2013,new
266,202,100,0,2013,new
267,68,20,0,2013,new
268,190980,171160,0,2013,intermediate
269,1345,1398,0,2013,new
270,167,52,0,2013,new
271,270,186,0,2013,new
272,40,2,0,2013,new
273,223,182,0,2013,new
274,128,41,0,2013,new
275,3264,2513,0,2013,new
276,277,252,0,2013,new
277,9440,9832,0,2013,new
278,139,90,0,2013,new
279,1,1,0,2013,new
280,206,59,0,2013,new
281,126,58,0,2013,new
282,1793,1794,0,2013,new
283,93,7,0,2013,new
284,263,3,0,2013,new
285,1,4,0,2013,new
286,3039,1287,0,2013,new
287,370,196,0,2013,new
288,409,405,0,2013,new
289,0,7,0,2013,new
290,668,422,0,2013,new
291,1,1,0,2013,new
292,7,2,0,2013,new
293,0,5,0,2013,new
294,17445,7093,0,2013,new
295,13,13,0,2013,new
296,37,11,0,2013,new
297,21,49,0,2013,new
298,13,10,0,2013,new
299,41,4,0,2013,new
300,9,5,0,2013,new
301,15,0,0,2013,new
302,298,0,0,2013,new
303,0,19,0,2013,new
304,5267,6000,0,2013,new
305,3,3,0,2013,intermediate
306,1,1,0,2013,new
307,93,43,0,2013,new
308,1,1,0,2013,new
309,191,4,0,2013,new
310,608,353,0,2013,new
311,25,24,0,2013,new
312,1,0,0,2013,new
313,1,1,0,2013,new
314,12,11,0,2013,new
315,56,0,0,2013,new
316,4,26,0,2013,new
317,4,4,0,2013,new
318,976,784,0,2013,new
319,35,3,0,2013,new
320,10,7,0,2013,new
321,1297,1289,0,2013,new
322,20596,2712,0,2013,new
323,1668,920,0,2013,new
324,247,110,0,2013,new
325,38621,34311,0,2013,new
326,1,1,0,2013,new
327,2,1,0,2013,new
328,19896,14420,30,2013,new
329,9,12,0,2013,new
330,48,6,0,2013,new
331,725,142,0,2013,new
332,3,0,0,2013,new
333,1,1,0,2013,new
334,14,6,0,2013,new
335,78,20,0,2013,new
336,14,10,0,2013,new
337,11,2,0,2013,new
338,103,0,0,2013,new
339,2,2,0,2013,new
340,2228,1771,0,2013,new
341,5004,9505,0,2013,new
342,9218,5671,0,2013,new
343,14,10,0,2013,new
344,254,93,0,2013,new
345,35,35,0,2013,new
346,38,31,0,2013,new
347,4890,4851,0,2013,new
348,85,126,0,2013,new
349,1,1,0,2013,new
350,1,1,0,2013,new
351,87,92,0,2013,new
352,44,40,0,2013,new
353,21,1,0,2013,new
354,1,0,0,2013,new
355,36,52,0,2013,new
356,3513,3138,0,2013,new
357,762,637,0,2013,new
358,3081,4227,0,2013,new
359,18,13,0,2013,new
360,1649,831,0,2013,new
361,439,249,0,2013,new
362,296,19,0,2013,new
363,1109,1131,0,2013,new
364,15,12,0,2013,new
365,1351,100,0,2013,new
366,458,68,0,2013,new
367,976,1350,0,2013,new
368,52,32,0,2013,new
369,561,135,0,2013,new
370,148,9,0,2013,new
371,153,181,0,2013,new
372,1,1,0,2013,intermediate
373,4699,3885,0,2013,new
374,32521,24280,0,2013,new
375,39,38,0,2013,new
376,6208,4586,3,2013,new
377,173869,135652,0,2013,new
378,1729,1256,0,2013,new
379,6,2,0,2013,new
380,30,20,0,2013,new
381,3121,2625,0,2013,new
382,17,0,0,2013,new
383,78,30,0,2013,new
384,4006,819,0,2013,new
385,655,71,0,2013,new
386,799,748,0,2013,new
387,7,7,0,2013,new
388,815,557,0,2013,new
389,99,10,0,2013,new
390,8,8,0,2013,new
391,17,6,0,2013,new
392,337,162,0,2013,new
393,196,177,0,2013,new
394,399,317,0,2013,new
395,1,1,0,2013,new
396,4415,3613,0,2013,new
397,36,24,0,2013,new
398,374,185,0,2013,new
399,38,0,0,2013,new
400,169,85,0,2013,new
401,680,274,0,2013,new
402,408,256,0,2013,new
403,26,10,0,2013,new
404,77,8,0,2013,new
405,281,257,0,2013,new
406,282,33,0,2013,new
407,1,1,0,2013,new
408,21,0,0,2013,new
409,19,29,0,2013,new
410,194,378,0,2013,new
411,50,50,0,2013,new
412,207,104,0,2013,new
413,282,0,0,2013,new
414,1494,1383,0,2013,new
415,1935,1799,0,2013,new
416,5866,4952,0,2013,new
417,9,9,0,2013,new
418,1,1,0,2014,new
419,1,1,0,2014,new
420,3,2,0,2014,new
421,4,5,0,2014,new
422,1,1,0,2014,new
423,7,6,0,2014,new
424,2,2,0,2014,new
425,11618,11247,0,2014,new
426,6212,5697,0,2014,new
427,1,5,0,2014,new
428,1689,1587,0,2014,new
429,2477,1731,0,2014,new
430,1706,1407,0,2014,new
431,20,0,0,2014,new
432,1314,1091,0,2014,new
433,150,2,0,2014,new
434,24,32,0,2014,new
435,1,1,0,2014,new
436,1,1,0,2014,new
437,1,1,0,2014,new
438,23,1,0,2014,new
439,239,182,0,2014,new
440,1,1,0,2014,new
441,1,1,0,2014,new
442,187,8,0,2014,new
443,108,35,0,2014,new
444,4,4,0,2014,new
445,23,13,0,2014,new
446,1,1,0,2014,new
447,122,10,0,2014,new
448,13,55,0,2014,new
449,6,8,0,2014,new
450,2570,1590,0,2014,new
451,8,8,0,2014,new
452,35,36,0,2014,new
453,2,2,0,2014,new
454,3,0,0,2014,new
455,49,17,0,2014,new
456,6,0,0,2014,new
457,335525,291576,1,2014,new
458,341,284,0,2014,new
459,35,5,0,2014,new
460,146261,122123,0,2014,intermediate
461,1594,1451,0,2014,new
462,1,1,0,2014,new
463,18,2,0,2014,new
464,49,65,0,2014,intermediate
465,1289,896,0,2014,new
466,1138,544,0,2014,new
467,63,6,0,2014,new
468,532,376,0,2014,new
469,6,6,0,2014,new
470,119,103,0,2014,new
471,37,2,0,2014,new
472,0,1,0,2014,new
473,88,68,0,2014,new
474,61,2,0,2014,new
475,6,6,0,2014,new
476,3,3,0,2014,new
477,4,2,0,2014,new
478,3,0,0,2014,new
479,663,465,0,2014,new
480,1,5,0,2014,new
481,1,2,0,2014,new
482,729,660,0,2014,new
483,924,934,0,2014,new
484,26,9,0,2014,new
485,75,13,0,2014,new
486,1,0,0,2014,new
487,2,2,0,2014,new
488,6,6,0,2014,new
489,2,1,0,2014,new
490,33,20,0,2014,new
491,1674,1722,0,2014,new
492,31,5,0,2014,new
493,224,3,0,2014,new
494,242,9,0,2014,new
495,479,467,1,2014,new
496,5,5,0,2014,new
497,2,2,0,2014,new
498,260,58,0,2014,new
499,215,36,0,2014,new
500,4307,3000,0,2014,new
501,8,12,0,2014,new
502,1032,961,7,2014,new
503,11291,31,0,2014,new
504,2,2,0,2014,new
505,4461,2349,5,2014,new
506,8,7,0,2014,new
507,107,29,0,2014,new
508,2,2,0,2014,new
509,21898,25289,0,2014,new
510,19,19,0,2014,new
511,12,4,0,2014,new
512,33,10,0,2014,new
513,236,67,0,2014,new
514,108,36,0,2014,new
515,2,2,0,2014,new
516,49,3,0,2014,new
517,1,1,0,2014,new
518,1,1,0,2014,new
519,6,2,0,2014,new
520,55,8,0,2014,new
521,92,90,0,2014,new
522,21,21,0,2014,new
523,1,1,0,2014,new
524,1985,2076,0,2014,new
525,18,0,0,2014,new
526,58,57,0,2014,intermediate
527,9,4,0,2014,new
528,1,4,0,2014,new
529,4151,4053,0,2014,new
530,3,3,0,2014,new
531,1195,708,0,2014,new
532,2,2,0,2014,new
533,2808,2870,0,2014,new
534,16,18,0,2014,new
535,1,1,0,2014,new
536,24,10,0,2014,new
537,0,5,0,2014,new
538,37,0,0,2014,new
539,2,2,0,2014,new
540,18,0,0,2014,new
541,3,3,0,2014,new
542,10,0,0,2014,new
543,1957,395,16,2014,new
544,101,101,0,2014,new
545,57,60,0,2014,new
546,126,40,1,2014,new
547,425,120,0,2014,new
548,1,1,0,2014,new
549,13,13,0,2014,new
550,10,1,1,2014,new
551,1,1,0,2014,new
552,25,25,0,2014,new
553,4,5,0,2014,new
554,151,62,0,2014,new
555,1,1,0,2014,new
556,28,2,0,2014,new
557,134,64,0,2014,intermediate
558,17311,16076,1,2014,new
559,239,102,0,2014,new
560,54,71,0,2014,new
561,201,124,0,2014,new
562,3972,4177,0,2014,new
563,785,89,0,2014,new
564,62,9,0,2014,new
565,3916,2998,0,2014,new
566,35,12,0,2014,new
567,148,22,0,2014,new
568,58,51,0,2014,new
569,63,5,0,2014,new
570,2,2,0,2014,new
571,18,8,0,2014,new
572,112,34,0,2014,new
573,46,0,0,2014,new
574,135,3,0,2014,new
575,1,1,0,2014,new
576,807,45,0,2014,new
577,4,3,0,2014,new
578,55,24,2,2014,new
579,3,9,0,2014,new
580,6,0,0,2014,new
581,6,6,0,2014,new
582,9594,6204,14,2014,new
583,133,115,0,2014,new
584,2,2,0,2014,new
585,389,12,0,2014,new
586,1056,876,0,2014,new
587,3,21,0,2014,new
588,513,93,0,2014,new
589,14,7,0,2014,new
590,9,4,0,2014,new
591,50683,58924,0,2014,new
592,12018,9452,0,2014,new
593,47,14,0,2014,new
594,747,441,0,2014,new
595,7,1,0,2014,new
596,843,1407,0,2014,new
597,2205,2056,0,2014,new
598,4,4,0,2014,new
599,59,5,0,2014,new
600,1,1,0,2014,new
601,12,16,0,2014,intermediate
602,538,224,0,2014,new
603,9841,9495,0,2014,new
604,2,2,0,2014,new
605,17,1,0,2014,new
606,21,13,0,2014,new
607,2,2,0,2014,new
608,1206,914,0,2014,new
609,91,46,0,2014,new
610,10,5,0,2014,new
611,23,17,0,2014,new
612,0,2,0,2014,new
613,69,15,0,2014,new
614,1,1,0,2014,new
615,1,1,0,2014,new
616,1,1,0,2014,new
617,4,4,0,2014,new
618,73,42,2,2014,new
619,2,10,0,2014,new
620,132,141,0,2014,new
621,1,1,0,2014,new
622,41,41,0,2014,new
623,547,12,0,2014,new
624,1,1,0,2014,new
625,223,390,0,2014,new
626,443,118,0,2014,new
627,2,2,0,2014,new
628,1,1,0,2014,new
629,13,58,0,2014,new
630,48,3,0,2014,new
631,229,130,0,2014,new
632,1,1,0,2014,new
633,91,17,0,2014,new
634,3,3,0,2014,new
635,56,33,0,2014,new
636,154,0,0,2014,new
637,162,40,0,2014,new
638,5,5,0,2014,new
639,228,135,0,2014,new
640,2,2,0,2014,new
641,20,20,0,2014,new
642,3,2,0,2014,new
643,182,24,0,2014,new
644,58,61,0,2014,new
645,3012,1115,0,2014,new
646,1,1,0,2014,new
647,14,57,0,2014,new
648,3,3,0,2014,new
649,1,1,0,2014,new
650,35,14,0,2014,new
651,1,1,0,2014,new
652,1,1,0,2014,new
653,70,92,0,2014,new
654,5,5,0,2014,new
655,4,4,0,2014,new
656,56,6,0,2014,new
657,16,2,0,2014,new
658,19552,25434,1,2014,new
659,24472,19872,0,2014,intermediate
660,28102,16415,0,2014,new
661,371,64,0,2014,new
662,1,0,0,2014,new
663,88,86,0,2014,new
664,42,23,0,2014,new
665,32,2,0,2014,new
666,5,5,0,2014,new
667,7375,5749,0,2014,new
668,104,36,1,2014,new
669,81,81,0,2014,new
670,1,1,0,2014,new
671,6,6,0,2014,new
672,57,12,0,2014,new
673,56,18,0,2014,new
674,40,3,0,2014,new
675,5,5,0,2014,new
676,100,34,0,2014,new
677,10,3,0,2014,new
678,1,1,0,2014,new
679,6,6,0,2014,new
680,9,9,0,2014,new
681,2,2,0,2014,new
682,7,3,0,2014,new
683,947,890,0,2014,new
684,1,0,1,2014,new
685,38,6,0,2014,new
686,2,0,0,2014,new
687,1,1,0,2014,new
688,18,2,0,2014,new
689,6,6,0,2014,new
690,253,172,0,2014,new
691,1,1,0,2014,new
692,69,38,0,2014,new
693,360,110,0,2014,new
694,1710,186,0,2014,new
695,387,2,0,2014,new
696,50,3,0,2014,new
697,2898,1830,0,2014,new
698,94,59,0,2014,new
699,3,3,0,2014,new
700,264,156,0,2014,new
701,56,59,0,2014,new
702,1,1,0,2014,new
703,16,20,1,2014,new
704,16,9,0,2014,new
705,4,5,0,2014,new
706,1249,1974,0,2014,new
707,2,2,0,2014,new
708,1,1,0,2014,new
709,2,2,0,2014,new
710,1,1,0,2014,new
711,1,1,0,2014,new
712,2,0,1,2014,new
713,236,152,0,2014,new
714,90,28,0,2014,new
715,154,91,1,2014,new
716,81,32,0,2014,new
717,1,1,0,2014,new
718,15,3,1,2014,new
719,5,4,0,2014,new
720,2,1,0,2014,new
721,10,80,0,2014,new
722,2,2,0,2014,new
723,0,66,0,2014,new
724,28,1,0,2014,new
725,1,1,0,2014,new
726,19265,11316,0,2014,new
727,141,73,0,2014,new
728,5122,9744,0,2014,new
729,7648,4899,11,2014,intermediate
730,123,123,0,2014,new
731,1072,1062,0,2014,new
732,100,43,0,2014,new
733,280,54,0,2014,new
734,44,37,0,2014,new
735,266,213,0,2014,new
736,134,35,0,2014,new
737,15,15,0,2014,new
738,45,41,0,2014,new
739,32,2,0,2014,new
740,1,1,0,2014,new
741,13,12,0,2014,new
742,331,16,0,2014,new
743,325,20,0,2014,new
744,1,1,0,2014,new
745,1,1,0,2014,new
746,2,2,0,2014,new
747,11,5,0,2014,new
748,3,3,0,2014,new
749,5,2,0,2014,new
750,28,29,0,2014,new
751,41,1,2,2014,new
752,6,6,0,2014,new
753,40,14,0,2014,new
754,1152,166,1,2014,new
755,59,37,0,2014,new
756,1,1,0,2014,new
757,659,186,0,2014,new
758,2,2,0,2014,new
759,336,104,0,2014,new
760,12,9,0,2014,new
761,14,15,0,2014,new
762,97,8,0,2014,new
763,174,35,0,2014,new
764,1204,1611,0,2014,new
765,647,251,0,2014,new
766,46,15,0,2014,new
767,159,18,0,2014,new
768,288,92,0,2014,new
769,8,8,0,2014,new
770,464,373,0,2014,new
771,382,248,0,2014,new
772,70,56,0,2014,new
773,41,42,0,2014,new
774,36,35,0,2014,new
775,84,38,0,2014,new
776,51,6,0,2014,new
777,85,0,0,2014,new
778,1,1,0,2014,new
779,46,60,0,2014,new
780,1,1,0,2014,new
781,36,38,0,2014,new
782,0,2,0,2014,new
783,64,1,0,2014,new
784,164,114,0,2014,new
785,430,283,0,2014,new
786,34,2,0,2014,new
787,5,5,0,2014,new
788,1,1,0,2014,new
789,7,0,0,2014,new
790,11,3,0,2014,new
791,1,1,0,2014,new
792,25,18,0,2014,new
793,66,19,0,2014,new
794,366,219,0,2014,new
795,181,189,0,2014,new
796,902,1400,0,2014,new
797,8193,8147,0,2014,new
798,305,115,0,2014,new
799,292,64,0,2014,new
800,141,29,0,2014,new
801,225,56,0,2014,new
802,372,69,0,2014,new
803,12590,8476,3,2014,new
804,39352,51493,1,2014,new
805,1151,472,0,2014,new
806,1,1,0,2014,new
807,2,2,0,2014,new
808,1,1,0,2014,new
809,10117,12693,0,2014,new
810,283,119,0,2014,new
811,1,1,0,2014,new
812,1,1,0,2014,new
813,119,21,0,2014,new
814,1,1,0,2014,new
815,39,24,0,2014,new
816,4,4,0,2014,new
817,3,1,0,2014,new
818,18,13,0,2014,new
819,1,1,0,2014,new
820,841,535,1,2014,new
821,112911,103320,0,2014,new
822,267,1,0,2014,new
823,38,37,0,2014,new
824,255,256,0,2014,new
825,15,14,0,2014,new
826,21675,16596,7,2014,new
827,3108,2331,0,2014,new
828,169,70,0,2014,new
829,1297,1170,0,2014,new
830,140,87,0,2014,new
831,445,126,0,2014,new
832,289,235,0,2014,new
833,35,66,0,2014,new
834,1217,1450,0,2014,new
835,157,65,0,2014,intermediate
836,26,26,0,2014,new
837,3509,2017,0,2014,new
838,2,2,0,2014,new
839,15,1,0,2014,new
840,20,15,0,2014,intermediate
841,74,73,0,2014,new
842,1,1,0,2014,new
843,1,1,0,2014,new
844,3823,1861,0,2014,new
845,8,2,0,2014,new
846,520,66,0,2014,new
847,11,36,2,2014,new
848,452,154,0,2014,new
849,6,3,0,2014,new
850,2,2,0,2014,new
851,47,27,0,2014,new
852,7,7,0,2014,new
853,5,5,0,2014,new
854,1,4,0,2014,new
855,1532,755,0,2014,new
856,110,122,0,2014,new
857,3,3,0,2014,new
858,2,2,0,2014,new
859,117,75,0,2014,new
860,641,230,0,2014,new
861,4885,2638,0,2014,new
862,1,16,0,2014,new
863,19985,8636,0,2014,new
864,243,117,0,2014,new
865,315,326,0,2014,new
866,583,238,0,2014,new
867,2316,865,0,2014,new
868,45,34,0,2014,new
869,1055,267,0,2014,new
870,7,11,0,2014,new
871,51,13,0,2014,new
872,205,116,0,2014,new
873,47,15,0,2014,new
874,958,267,2,2014,new
875,9,6,0,2014,new
876,427,440,2,2014,new
877,3,3,0,2014,new
878,10,10,0,2014,new
879,1816,1282,2,2014,new
880,1,1,0,2014,new
881,1,1,0,2014,new
882,1,1,0,2014,new
883,16,17,0,2014,new
884,10,11,0,2014,new
885,1,2,0,2014,new
886,1,1,0,2014,new
887,53,17,0,2014,new
888,1,1,0,2014,new
889,597,287,0,2014,new
890,25,11,0,2014,new
891,6,2,0,2014,new
892,9,3,0,2014,new
893,51334,33293,0,2014,intermediate
894,18,0,0,2014,new
895,7841,39395,0,2014,new
896,3193,342,0,2014,new
897,186,186,0,2014,new
898,38,11,0,2014,new
899,104,5,0,2014,new
900,3026,2824,0,2014,new
901,2,15,0,2014,new
902,35,1,0,2014,new
903,9203,3113,0,2014,new
904,46,17,0,2014,new
905,139,1,0,2014,new
906,48,7,0,2014,new
907,3,3,0,2014,new
908,1,1,0,2014,new
909,1,1,0,2014,new
910,38334,36575,4,2014,new
911,4,4,0,2014,new
912,328,168,0,2014,new
913,44,61,0,2014,new
914,2,2,0,2014,new
915,5,5,0,2014,new
916,3,3,0,2014,new
917,69,26,0,2014,new
918,1,1,0,2014,intermediate
919,4,4,0,2014,new
920,39,17,0,2014,new
921,3,2,2,2014,new
922,4,4,0,2014,new
923,4,4,0,2014,new
924,6,3,0,2014,new
925,2,570,0,2014,new
926,1677,1520,1,2014,new
927,1,2,0,2014,new
928,19,5,0,2014,new
929,30,7,0,2014,new
930,2,2,0,2014,new
931,35,35,0,2014,new
932,63747,51537,0,2014,new
933,7,11,0,2014,new
934,5,1,0,2014,new
935,40,5,0,2014,new
936,17,16,0,2014,new
937,1,2,0,2014,new
938,1,1,0,2014,new
939,3,3,0,2014,new
940,1993,1068,0,2014,new
941,15490,10935,0,2014,new
942,159,83,0,2014,new
943,189,15,0,2014,new
944,374,176,0,2014,new
945,6790,2822,0,2014,new
946,256,63,0,2014,new
947,66,24,0,2014,new
948,153,121,0,2014,new
949,8,2,0,2014,new
950,397,29,0,2014,new
951,1,1,0,2014,new
952,7,1,0,2014,new
953,30,4,0,2014,new
954,4,1,0,2015,new
955,120,32,0,2015,new
956,102,70,0,2015,new
957,142,2,0,2015,new
958,4,4,0,2015,new
959,7,3,0,2015,new
960,10710,3047,0,2015,new
961,210,147,9,2015,new
962,6,5,0,2015,new
963,139,117,0,2015,new
964,656,60,0,2015,new
965,11,2,0,2015,new
966,1,1,0,2015,new
967,0,1,0,2015,new
968,9,5,0,2015,new
969,2,2,0,2015,new
970,28,24,0,2015,new
971,50,1,1,2015,new
972,36,24,0,2015,new
973,209,95,0,2015,new
974,17,14,0,2015,new
975,1,1,0,2015,new
976,5989,1520,0,2015,new
977,4,4,0,2015,new
978,183,160,0,2015,new
979,15,9,0,2015,new
980,4,0,0,2015,new
981,1,1,0,2015,new
982,17,18,0,2015,new
983,1,0,0,2015,new
984,1,1,0,2015,new
985,13,5,0,2015,new
986,1,53,0,2015,new
987,2,2,0,2015,new
988,12,0,0,2015,new
989,2,2,0,2015,new
990,20,3,1,2015,new
991,8,8,0,2015,new
992,7,7,0,2015,new
993,21,21,0,2015,new
994,28,30,0,2015,intermediate
995,2,4,0,2015,new
996,2,2,0,2015,new
997,237,59,0,2015,new
998,5,6,0,2015,new
999,2,1,0,2015,new
1000,140,0,0,2015,new
1001,3,1,0,2015,new
1002,3,3,0,2015,new
1003,2,2,0,2015,new
1004,15,15,0,2015,new
1005,1,1,0,2015,new
1006,1,1,0,2015,new
1007,10,2,0,2015,new
1008,6844,5893,0,2015,new
1009,1,1,0,2015,new
1010,7,7,0,2015,new
1011,277,261,0,2015,new
1012,774,462,0,2015,new
1013,4,0,0,2015,intermediate
1014,146,38,0,2015,new
1015,19,12,0,2015,new
1016,2083,1448,3,2015,new
1017,3,4,0,2015,new
1018,2,2,0,2015,new
1019,4,4,0,2015,new
1020,111,2,0,2015,new
1021,0,7,0,2015,new
1022,1098,1069,0,2015,new
1023,1,1,0,2015,new
1024,312,115,0,2015,new
1025,1,1,0,2015,new
1026,40,0,0,2015,new
1027,11,10,0,2015,new
1028,54,54,0,2015,new
1029,173,114,0,2015,new
1030,25,2,0,2015,new
1031,111,35,0,2015,new
1032,100,13,2,2015,new
1033,704,709,0,2015,new
1034,64,4,0,2015,new
1035,364,39,0,2015,new
1036,4,5,0,2015,new
1037,378,113,0,2015,new
1038,7,7,0,2015,new
1039,4914,1059,1,2015,new
1040,1,0,0,2015,new
1041,8,8,0,2015,new
1042,1,1,0,2015,new
1043,5,4,0,2015,new
1044,6,0,0,2015,new
1045,1,1,0,2015,new
1046,8,8,0,2015,new
1047,1,1,0,2015,new
1048,378,141,3,2015,new
1049,2,3,0,2015,new
1050,1,1,0,2015,new
1051,190,55,0,2015,new
1052,25,25,0,2015,new
1053,8,8,0,2015,new
1054,8,3,0,2015,new
1055,51,63,0,2015,new
1056,168,146,2,2015,new
1057,1,1,0,2015,new
1058,1531,973,8,2015,new
1059,38,25,0,2015,new
1060,302,278,0,2015,new
1061,70,12,1,2015,new
1062,100,19,0,2015,new
1063,6,6,0,2015,new
1064,5,7,0,2015,new
1065,1,2,0,2015,new
1066,12,12,0,2015,new
1067,2,1,0,2015,new
1068,2,2,0,2015,new
1069,1457,2092,0,2015,new
1070,879,879,1,2015,new
1071,191,192,1,2015,new
1072,87,26,0,2015,new
1073,3,1,0,2015,new
1074,1310,996,0,2015,new
1075,11,11,0,2015,new
1076,86,7,1,2015,new
1077,1,1,0,2015,new
1078,1,1,0,2015,new
1079,4,4,0,2015,new
1080,49,43,0,2015,new
1081,57,26,0,2015,new
1082,127,49,0,2015,intermediate
1083,1,1,0,2015,new
1084,413,101,0,2015,new
1085,1,2,0,2015,new
1086,2186,515,34,2015,new
1087,22,0,0,2015,new
1088,3,3,0,2015,new
1089,26,2,0,2015,new
1090,2,1,0,2015,new
1091,15,8,0,2015,new
1092,3,3,0,2015,new
1093,2,2,0,2015,new
1094,48,6,0,2015,new
1095,6,6,0,2015,new
1096,6,0,0,2015,new
1097,14,10,0,2015,new
1098,11,7,0,2015,new
1099,3,3,0,2015,new
1100,8,7,0,2015,new
1101,513,121,0,2015,new
1102,1,3,0,2015,new
1103,95,95,0,2015,new
1104,1,1,0,2015,new
1105,3334,1119,9,2015,intermediate
1106,5,4,0,2015,new
1107,1,1,0,2015,new
1108,73,11,0,2015,new
1109,7296,3481,102,2015,new
1110,73,66,0,2015,intermediate
1111,110,1,0,2015,new
1112,1,1,0,2015,new
1113,1,1,0,2015,new
1114,6,6,0,2015,new
1115,32504,21455,5,2015,new
1116,9,4,0,2015,new
1117,506,506,5,2015,new
1118,7,3,0,2015,new
1119,1,2,0,2015,new
1120,1,1,0,2015,new
1121,1377,296,1,2015,new
1122,57,62,0,2015,new
1123,5,5,0,2015,new
1124,14,6,0,2015,new
1125,78,27,2,2015,new
1126,220,169,0,2015,new
1127,1535,29,1,2015,new
1128,730,413,1,2015,new
1129,25,0,1,2015,new
1130,41,42,0,2015,new
1131,7781,7977,0,2015,new
1132,140,53,8,2015,new
1133,0,2,0,2015,new
1134,879,178,0,2015,intermediate
1135,1,2,0,2015,new
1136,27,28,0,2015,new
1137,29,8,0,2015,new
1138,7,4,0,2015,new
1139,27,14,0,2015,new
1140,25,1,0,2015,new
1141,3,3,0,2015,new
1142,1046,963,3,2015,new
1143,409,406,0,2015,new
1144,12,13,0,2015,new
1145,4,3,0,2015,new
1146,34,20,0,2015,new
1147,61,33,0,2015,new
1148,85676,56363,6,2015,new
1149,89,31,0,2015,new
1150,79418,73878,13,2015,intermediate
1151,1,1,0,2015,new
1152,27045,17233,0,2015,new
1153,43,4,0,2015,new
1154,277,39,0,2015,new
1155,3,2,0,2015,new
1156,17,10,0,2015,new
1157,17,0,1,2015,new
1158,397,398,0,2015,new
1159,10,3,0,2015,new
1160,613,396,6,2015,new
1161,1,1,0,2015,new
1162,6291,4275,0,2015,new
1163,1,1,0,2015,new
1164,12245,10068,17,2015,new
1165,10,6,0,2015,new
1166,244,777,11,2015,new
1167,50,54,0,2015,new
1168,487,150,2,2015,new
1169,445,24,0,2015,new
1170,2,2,0,2015,new
1171,44,1,0,2015,new
1172,240,3093,4,2015,new
1173,1609,1214,0,2015,new
1174,3,1,0,2015,new
1175,1,1,0,2015,new
1176,2,2,0,2015,new
1177,1807,550,3,2015,new
1178,2,2,0,2015,new
1179,12,24,0,2015,new
1180,108,12,0,2015,new
1181,1,1,0,2015,new
1182,11,10,0,2015,new
1183,1,1,0,2015,new
1184,1,1,0,2015,new
1185,3,2,0,2015,new
1186,1,1,0,2015,new
1187,21,0,0,2015,new
1188,1,1,0,2015,new
1189,39,2,0,2015,new
1190,35,14,1,2015,new
1191,13,13,0,2015,new
1192,1,1,0,2015,new
1193,29,22,0,2015,new
1194,8,1,0,2015,new
1195,133,133,0,2015,new
1196,5712,2389,0,2015,intermediate
1197,2,2,0,2015,new
1198,8237,3999,4,2015,new
1199,18,13,0,2015,new
1200,18706,3932,25,2015,new
1201,16,10,0,2015,new
1202,2597,1387,5,2015,new
1203,28,13,0,2015,new
1204,1,1,0,2015,new
1205,20,4,0,2015,new
1206,13,12,0,2015,new
1207,1325,1244,0,2015,new
1208,1,8,0,2015,new
1209,1,2,0,2015,new
1210,3569,1144,0,2015,new
1211,9,148,3,2015,new
1212,35,0,1,2015,new
1213,1,1,0,2015,new
1214,20,20,0,2015,new
1215,22,20,1,2015,new
1216,3,3,0,2015,new
1217,91,8,2,2015,new
1218,556,517,0,2015,new
1219,3,2,0,2015,new
1220,72,61,0,2015,new
1221,7,7,0,2015,new
1222,102,84,0,2015,new
1223,2021,4109,1,2015,new
1224,2107,2822,0,2015,new
1225,8,10,0,2015,new
1226,3,2,0,2015,new
1227,24,3,0,2015,new
1228,24,10,3,2015,new
1229,6,5,0,2015,new
1230,8,2,0,2015,new
1231,235,150,0,2015,new
1232,3,2,0,2015,new
1233,0,3,0,2015,new
1234,7,3,0,2015,intermediate
1235,2,2,0,2015,new
1236,1,1,0,2015,new
1237,111,38,1,2015,new
1238,1,1,0,2015,new
1239,6,1,0,2015,new
1240,2,2,0,2015,new
1241,76,50,0,2015,new
1242,261,180,0,2015,new
1243,30979,24266,1,2015,new
1244,559,309,6,2015,new
1245,897,357,1,2015,new
1246,29,29,0,2015,new
1247,6,2,0,2015,intermediate
1248,1,1,0,2015,new
1249,60,69,0,2015,new
1250,1,1,0,2015,new
1251,4352,2932,1,2015,new
1252,447,242,0,2015,new
1253,23,2,0,2015,new
1254,81,3,0,2015,new
1255,80,18,0,2015,new
1256,2,2,0,2015,new
1257,18,18,0,2015,new
1258,2,2,0,2015,new
1259,4,4,0,2015,new
1260,239,8,0,2015,new
1261,9,9,0,2015,new
1262,6,6,0,2015,new
1263,48,14,3,2015,new
1264,1,1,0,2015,new
1265,1,1,0,2015,intermediate
1266,2537,1703,3,2015,new
1267,1,1,0,2015,new
1268,3,0,0,2015,new
1269,1,1,0,2015,new
1270,16,15,0,2015,new
1271,63,0,0,2015,new
1272,29,51,0,2015,new
1273,513,44,9,2015,new
1274,29,27,0,2015,new
1275,4,4,0,2015,intermediate
1276,2,2,0,2015,new
1277,30,2,0,2015,new
1278,3,1,0,2015,new
1279,4,0,0,2015,new
1280,3,3,0,2015,new
1281,3,1,0,2015,new
1282,13,8,0,2015,new
1283,1,1,0,2015,new
1284,1,1,0,2015,new
1285,1,1,0,2015,new
1286,8,6,0,2015,intermediate
1287,34,2,0,2015,new
1288,4,4,0,2015,new
1289,3762,2437,0,2015,new
1290,170,52,0,2015,new
1291,72244,36280,5,2015,intermediate
1292,1,1,0,2015,new
1293,65,15,0,2015,intermediate
1294,5,5,0,2015,new
1295,1,1,0,2015,new
1296,12,6,0,2015,new
1297,4769,1570,0,2015,new
1298,40,8,0,2015,new
1299,6,5,0,2015,intermediate
1300,1,1,0,2015,new
1301,39,39,0,2015,new
1302,5,0,1,2015,new
1303,169,9,0,2015,new
1304,72,32,0,2015,new
1305,1760,384,1,2015,new
1306,9,11,0,2015,new
1307,1181,339,6,2015,new
1308,26,9,3,2015,new
1309,371,63,0,2015,new
1310,73,29,0,2015,new
1311,130,47,0,2015,intermediate
1312,19,0,0,2015,new
1313,1,1,0,2015,new
1314,308,121,0,2015,new
1315,513,232,0,2015,new
1316,76,50,1,2015,new
1317,42,19,0,2015,new
1318,163,27,8,2015,new
1319,5,5,2,2015,new
1320,25,28,0,2015,new
1321,1,1,0,2015,new
1322,8,11,0,2015,new
1323,1,1,0,2015,new
1324,18,19,0,2015,new
1325,59,0,0,2015,new
1326,4,0,0,2015,new
1327,1,1,0,2015,new
1328,26,26,0,2015,new
1329,1,1,0,2015,new
1330,1,1,0,2015,new
1331,1,1,0,2015,new
1332,31,0,0,2015,new
1333,468,11,0,2015,new
1334,17,3,0,2015,new
1335,496,315,1,2015,new
1336,66,0,1,2015,new
1337,354,96,0,2015,new
1338,6,102,0,2015,new
1339,4570,3332,0,2015,new
1340,46,0,1,2015,new
1341,59,63,0,2015,new
1342,712,79,0,2015,new
1343,6,6,0,2015,new
1344,35,0,0,2015,new
1345,1,1,0,2015,new
1346,25,24,0,2015,new
1347,2,2,0,2015,new
1348,28,9,2,2015,new
1349,1,1,0,2015,new
1350,35,5,4,2015,new
1351,35,8,0,2015,new
1352,261,108,0,2015,new
1353,53,46,0,2015,intermediate
1354,1,0,0,2015,new
1355,68,63,1,2015,new
1356,10,5,0,2015,new
1357,21,0,0,2015,new
1358,69,0,0,2015,new
1359,95,44,5,2015,new
1360,15,15,3,2015,new
1361,49,2,0,2015,new
1362,17,21,0,2015,new
1363,1792,1616,9,2015,new
1364,20,34,0,2015,new
1365,257,725,0,2015,intermediate
1366,15,13,0,2015,new
1367,5,1,0,2015,new
1368,9,7,0,2015,new
1369,206,102,0,2015,new
1370,238,100,0,2015,new
1371,54,97,0,2015,intermediate
1372,2,1,0,2015,new
1373,32,7,0,2015,new
1374,1,1,0,2015,new
1375,164,73,0,2015,new
1376,1,1,0,2015,new
1377,3,3,0,2015,new
1378,321,40,0,2015,new
1379,167,34,0,2015,new
1380,5,2,0,2015,new
1381,853,414,0,2015,new
1382,173,27,0,2015,new
1383,20,4,2,2015,new
1384,1,1,0,2015,new
1385,161,41,1,2015,new
1386,1,1,0,2015,new
1387,2258,911,1,2015,new
1388,11,0,0,2015,new
1389,75,3,0,2015,new
1390,2,2,0,2015,intermediate
1391,2009,757,0,2015,new
1392,16,15,0,2015,new
1393,1285,353,5,2015,intermediate
1394,2,2,0,2015,new
1395,2,2,0,2015,new
1396,1064,1090,1,2015,new
1397,39,39,0,2015,new
1398,38,0,2,2015,new
1399,281,143,0,2015,new
1400,90,20,0,2015,new
1401,0,17,0,2015,intermediate
1402,1,1,1,2015,new
1403,464,154,1,2015,new
1404,2,2,0,2015,new
1405,19602,17777,0,2015,new
1406,56,1,0,2015,new
1407,23,23,0,2015,new
1408,30,34,0,2015,new
1409,14,0,0,2015,new
1410,1,1,0,2015,new
1411,8,5,0,2015,new
1412,108,88,0,2015,new
1413,1,6,0,2015,new
1414,2,2,0,2015,new
1415,1,1,0,2015,new
1416,3573,2255,2,2015,intermediate
1417,32,0,0,2015,new
1418,41,30,0,2015,new
1419,29,9,2,2015,new
1420,2,2,0,2015,new
1421,3,3,0,2015,new
1422,2,2,0,2015,new
1423,2,2,0,2015,new
1424,3,3,0,2015,new
1425,30119,17076,0,2015,new
1426,1,1,0,2015,new
1427,27,0,0,2015,new
1428,599,226,0,2015,new
1429,145,30,1,2015,new
1430,26,24,0,2015,new
1431,1079,757,0,2015,new
1432,22879,9269,3,2015,intermediate
1433,20,17,0,2015,new
1434,45,31,0,2015,new
1435,2,2,0,2015,new
1436,40,1,0,2015,new
1437,6,3,0,2015,new
1438,558,227,0,2015,new
1439,116,130,0,2015,new
1440,2,2,0,2015,new
1441,4,1,0,2015,new
1442,13,1,0,2015,new
1443,40,40,0,2015,new
1444,13,10,0,2015,new
1445,16,0,0,2015,new
1446,1850,719,0,2015,new
1447,2,3,0,2015,new
1448,3,2,1,2015,new
1449,28,48,0,2015,new
1450,2783,121,0,2015,intermediate
1451,24,24,0,2015,new
1452,2,0,0,2015,new
1453,1,1,0,2015,new
1454,23,11,0,2015,new
1455,11,1,0,2015,new
1456,1,1,0,2015,new
1457,22,22,0,2015,new
1458,1,1,0,2015,new
1459,1,1,0,2015,new
1460,18,3,0,2015,new
1461,102,92,0,2015,new
1462,361,77,0,2015,new
1463,340,275,0,2015,new
1464,1,1,0,2015,new
1465,2,2,0,2015,new
1466,99,63,0,2015,new
1467,2,2,0,2015,new
1468,3,3,0,2015,new
1469,1,1,0,2015,new
1470,1,1,0,2015,new
1471,16,1,0,2015,new
1472,1,1,0,2015,new
1473,12,12,0,2015,new
1474,1,1,0,2015,new
1475,272,42,0,2015,new
1476,1,1,0,2015,new
1477,255,243,0,2015,new
1478,9,8,0,2015,new
1479,46301,40338,27,2015,intermediate
1480,48,6,0,2015,new
1481,276,269,2,2015,new
1482,2190,230,0,2015,new
1483,170,135,1,2015,new
1484,3,3,0,2015,new
1485,3,3,0,2015,new
1486,11,16,0,2015,new
1487,411,426,3,2015,new
1488,23,15,0,2015,new
1489,53,22,0,2015,new
1490,13,8,0,2015,new
1491,2962,3038,0,2015,intermediate
1492,191,63,0,2015,new
1493,1,1,0,2015,new
1494,305,95,1,2015,new
1495,1698,808,0,2015,new
1496,1,3,0,2015,new
1497,1,1,0,2015,new
1498,1,1,0,2015,new
1499,2,2,0,2015,new
1500,7,0,0,2015,new
1501,3,12,0,2015,new
1502,91,5,2,2015,new
1503,997,490,0,2015,new
1504,1,1,0,2015,new
1505,8,8,1,2015,new
1506,39,1,0,2015,new
1507,4,4,0,2015,new
1508,488,8,0,2015,intermediate
1509,1421,1342,0,2015,new
1510,0,3,0,2015,new
1511,18,1,0,2015,new
1512,37,10,6,2015,new
1513,1,1,0,2015,new
1514,16,8,0,2015,new
1515,1,1,0,2015,new
1516,4,2,0,2015,new
1517,25,25,0,2015,new
1518,4,4,0,2015,new
1519,1,1,0,2015,new
1520,1,1,0,2015,new
1521,1,0,0,2015,new
1522,3,3,0,2015,new
1523,912,54,26,2015,new
1524,18,0,0,2015,new
1525,8,8,0,2015,new
1526,81,16,0,2015,new
1527,28375,33798,2,2015,new
1528,1,1,0,2015,new
1529,1,1,0,2015,new
1530,2,2,0,2015,new
1531,21,16,0,2015,new
1532,1,1,0,2015,new
1533,4,4,0,2015,new
1534,36,33,0,2015,new
1535,135,45,0,2015,new
1536,1,1,0,2015,new
1537,30,30,0,2015,new
1538,1,1,0,2015,new
1539,3,0,0,2015,new
1540,17,2,0,2015,new
1541,5,5,0,2015,new
1542,1,1,0,2015,new
1543,92,2,0,2015,new
1544,59,26,0,2015,intermediate
1545,741,169,4,2015,new
1546,2,2,0,2015,new
1547,1,1,0,2015,new
1548,69,27,6,2015,new
1549,27,2,2,2015,new
1550,96,20,0,2015,new
1551,83,30,0,2015,new
1552,145,4,0,2015,new
1553,1,1,0,2015,new
1554,16,1,0,2015,new
1555,3,3,0,2015,new
1556,3,3,0,2015,new
1557,103,61,0,2015,new
1558,2,2,0,2015,new
1559,1,2,0,2015,new
1560,59,43,0,2015,new
1561,1,1,0,2015,new
1562,115,91,0,2015,new
1563,3,3,0,2015,new
1564,2,2,0,2015,new
1565,35,2,0,2015,new
1566,6,16,0,2015,new
1567,1,1,0,2015,new
1568,3784,3266,0,2015,new
1569,9,2,0,2015,new
1570,1,1,0,2015,new
1571,1228,1164,0,2015,new
1572,2059,899,0,2015,new
1573,22,1,0,2015,new
1574,561,227,1,2015,new
1575,62,13,5,2015,new
1576,124828,90588,10,2015,new
1577,4,4,0,2015,new
1578,242,248,0,2015,new
1579,89,89,0,2015,new
1580,93,69,0,2015,new
1581,20,20,0,2015,intermediate
1582,67450,52586,25,2015,new
1583,242,8,0,2015,new
1584,243,124,0,2015,new
1585,13,1,0,2015,new
1586,1,1,0,2015,intermediate
1587,1,0,0,2015,new
1588,1,1,0,2015,new
1589,4,3,0,2015,new
1590,12,12,0,2015,new
1591,16,16,0,2015,new
1592,25499,23528,0,2015,new
1593,1,1,0,2015,new
1594,1377,591,0,2015,new
1595,136,97,0,2015,new
1596,54,29,0,2015,new
1597,47,100,0,2015,new
1598,1,1,0,2015,new
1599,225,6,2,2015,new
1600,2,2,0,2015,new
1601,2,2,0,2015,new
1602,4,0,0,2015,new
1603,131,34,2,2015,new
1604,2,2,0,2015,new
1605,1,4,0,2015,new
1606,120,12,0,2015,new
1607,1,2,0,2015,new
1608,1,0,0,2015,new
1609,1,1,0,2015,new
1610,496,213,0,2015,new
1611,18,18,0,2015,new
1612,1,1,0,2015,new
1613,1,1,0,2015,new
1614,4,4,0,2015,new
1615,0,5,0,2015,new
1616,1,1,0,2015,new
1617,9,1,1,2015,new
1618,50,50,0,2015,new
1619,338,292,0,2015,new
1620,1,1,0,2015,new
1621,215,0,1,2015,new
1622,270727,324804,62,2015,new
1623,61,1,0,2015,new
1624,10,10,0,2015,new
1625,27,15,0,2015,new
1626,917,185,0,2015,new
1627,810,98,0,2015,new
1628,1055,623,0,2015,new
1629,19,3,1,2015,intermediate
1630,282,268,0,2015,new
1631,4716,4398,0,2015,new
1632,3,3,0,2015,new
1633,143,71,0,2015,new
1634,1843,1049,0,2015,intermediate
1635,4,0,0,2015,new
1636,115,40,0,2015,new
1637,1,1,0,2015,new
1638,31,1,1,2015,new
1639,2,2,0,2015,new
1640,19,36,0,2015,new
1641,2,2,0,2015,new
1642,1,0,0,2015,new
1643,1,1,0,2015,new
1644,12,0,0,2015,new
1645,33,5,2,2015,new
1646,1,1,0,2015,intermediate
1647,1,1,1,2015,new
1648,8,5,1,2015,new
1649,5,5,0,2015,new
1650,26,34,0,2015,new
1651,45,37,0,2015,new
1652,24,21,0,2015,new
1653,3,3,0,2015,new
1654,4,4,0,2015,new
1655,51,21,0,2015,new
1656,316,291,0,2015,new
1657,3,3,0,2015,new
1658,8,8,0,2015,new
1659,3,0,0,2015,new
1660,17,16,0,2015,new
1661,1,1,0,2015,new
1662,1,1,0,2015,new
1663,3,5,0,2015,new
1664,35,18,1,2015,new
1665,1,1,0,2015,new
1666,38,23,0,2015,new
1667,20,4,0,2015,new
1668,2,2,0,2015,new
1669,4909,3498,4,2015,new
1670,2,2,0,2015,new
1671,4322,4036,1,2015,new
1672,1,1,0,2015,new
1673,1600,1588,0,2015,new
1674,5,4,0,2015,new
1675,122,193,0,2015,new
1676,11,3,0,2015,new
1677,14,5,0,2015,new
1678,458,182,2,2015,new
1679,1,1,0,2015,new
1680,8,8,0,2015,new
1681,1,1,0,2015,new
1682,2,0,1,2015,new
1683,9,12,0,2015,new
1684,6,6,0,2015,new
1685,10,12,0,2015,new
1686,11,2,0,2015,new
1687,2,3,0,2015,new
1688,2,4,0,2015,new
1689,31,26,0,2015,intermediate
1690,7,1,0,2015,new
1691,160,54,1,2015,new
1692,56,0,0,2015,new
1693,553,189,0,2015,new
1694,2,2,0,2015,new
1695,201,141,0,2015,new
1696,5,5,0,2015,new
1697,1,1,0,2015,new
1698,71,20,0,2015,intermediate
1699,1,1,0,2015,new
1700,6,4,0,2015,new
1701,1,1,0,2015,new
1702,25,1,0,2015,new
1703,57,0,0,2015,new
1704,21,18,0,2015,new
1705,10,0,1,2015,new
1706,15,24,0,2015,new
1707,9,8,0,2015,new
1708,2,2,0,2015,new
1709,4,0,0,2015,new
1710,6,2,0,2015,new
1711,15,1,0,2016,new
1712,23,7,0,2016,new
1713,4,5,0,2016,new
1714,1,1,0,2016,new
1715,237,15,0,2016,new
1716,38,4,0,2016,new
1717,1,0,0,2016,intermediate
1718,6,7,1,2016,new
1719,39,10,3,2016,new
1720,1,1,0,2016,new
1721,26,8,3,2016,new
1722,1395,1582,0,2016,new
1723,154,27,0,2016,new
1724,185,38,0,2016,new
1725,46,5,0,2016,new
1726,47716,39945,0,2016,new
1727,1,1,0,2016,new
1728,139,59,0,2016,new
1729,3,0,0,2016,new
1730,22236,9786,1,2016,intermediate
1731,13985,99129,3,2016,advanced
1732,74,5,0,2016,new
1733,649,708,0,2016,new
1734,5,3,0,2016,new
1735,416,277,2,2016,new
1736,663,325,27,2016,new
1737,1,1,0,2016,new
1738,1067,743,0,2016,new
1739,8,8,0,2016,new
1740,1,1,0,2016,new
1741,103,4,0,2016,new
1742,2151,880,2,2016,new
1743,28,2,0,2016,new
1744,49,0,0,2016,new
1745,4,4,1,2016,new
1746,62,1,0,2016,new
1747,2,2,0,2016,new
1748,12,3,0,2016,intermediate
1749,50,3,0,2016,new
1750,4,2,0,2016,new
1751,17,8,0,2016,new
1752,11,5,0,2016,new
1753,100,2,2,2016,new
1754,26,8,0,2016,new
1755,101,14,2,2016,new
1756,2,2,0,2016,new
1757,20,0,0,2016,intermediate
1758,82,33,6,2016,new
1759,8,3,2,2016,new
1760,11,5,2,2016,new
1761,3,3,0,2016,new
1762,188,14,1,2016,new
1763,319,58,0,2016,new
1764,1176,602,0,2016,intermediate
1765,16,6,1,2016,new
1766,25,5,0,2016,new
1767,1,1,0,2016,new
1768,511,511,0,2016,new
1769,2332,1011,2,2016,new
1770,31,40,0,2016,new
1771,89,85,0,2016,new
1772,3085,2942,6,2016,new
1773,404,161,5,2016,new
1774,316,2,0,2016,new
1775,10216,5916,6,2016,intermediate
1776,40,35,0,2016,new
1777,1,1,0,2016,new
1778,67,39,3,2016,new
1779,28,42,1,2016,new
1780,1,1,0,2016,new
1781,77,2,0,2016,new
1782,95,30,4,2016,new
1783,179,0,0,2016,new
1784,5,6,0,2016,new
1785,51,10,0,2016,new
1786,1,1,0,2016,new
1787,79,1,1,2016,new
1788,21,0,0,2016,new
1789,195,30,1,2016,new
1790,208,105,0,2016,new
1791,1,1,0,2016,new
1792,4,1,0,2016,new
1793,3,2,0,2016,new
1794,6,0,0,2016,new
1795,10,1,0,2016,new
1796,114,87,0,2016,new
1797,6,3,0,2016,new
1798,129,17,7,2016,new
1799,41,2,1,2016,new
1800,37,19,6,2016,new
1801,10,6,2,2016,new
1802,131,59,3,2016,new
1803,14,9,0,2016,new
1804,2155,1890,0,2016,new
1805,31,22,1,2016,new
1806,26,7,1,2016,new
1807,188,127,0,2016,new
1808,2,2,0,2016,new
1809,16,22,0,2016,intermediate
1810,91,91,0,2016,new
1811,8390,5834,0,2016,intermediate
1812,11280,10280,1,2016,new
1813,1029,803,0,2016,new
1814,505,173,0,2016,new
1815,65,15,2,2016,new
1816,3,3,0,2016,new
1817,4,4,0,2016,new
1818,641,55,0,2016,new
1819,3246,269,0,2016,new
1820,5,5,0,2016,new
1821,2,1,0,2016,new
1822,1,1,0,2016,new
1823,23,20,0,2016,new
1824,7,4,0,2016,new
1825,7,7,0,2016,new
1826,540,26,3,2016,new
1827,20,6,0,2016,new
1828,5,5,0,2016,new
1829,5,5,0,2016,new
1830,17,0,0,2016,new
1831,4,6,0,2016,new
1832,446,443,1,2016,new
1833,1159,1091,5,2016,new
1834,2032,553,0,2016,new
1835,247,87,0,2016,new
1836,651,112,0,2016,new
1837,85,9,0,2016,new
1838,60,20,4,2016,new
1839,0,2,0,2016,new
1840,59,30,3,2016,new
1841,11,2,2,2016,new
1842,18,7,6,2016,new
1843,36,10,4,2016,new
1844,954,385,0,2016,new
1845,8,8,0,2016,intermediate
1846,268,23,0,2016,new
1847,57,1,2,2016,new
1848,10,6,1,2016,new
1849,1,0,0,2016,new
1850,5,3,0,2016,new
1851,65826,47494,36,2016,intermediate
1852,1015,678,0,2016,intermediate
1853,356,184,0,2016,new
1854,14,1,0,2016,new
1855,667,302,0,2016,intermediate
1856,1,3,0,2016,new
1857,2,2,0,2016,new
1858,3607,2661,12,2016,new
1859,45,46,0,2016,new
1860,1127,935,0,2016,new
1861,170,195,0,2016,new
1862,7,3,0,2016,new
1863,49,23,0,2016,new
1864,4,1,0,2016,intermediate
1865,8,13,1,2016,new
1866,2,2,0,2016,new
1867,80,12,0,2016,new
1868,1645,1194,0,2016,new
1869,11,0,0,2016,new
1870,23,1,1,2016,new
1871,7,7,0,2016,new
1872,31,11,0,2016,new
1873,123,45,0,2016,intermediate
1874,1,1,0,2016,new
1875,1,1,0,2016,new
1876,122,7,0,2016,new
1877,6,2,0,2016,new
1878,2,2,0,2016,new
1879,62,15,0,2016,new
1880,111,41,4,2016,new
1881,103,25,2,2016,new
1882,34,16,2,2016,new
1883,385,348,0,2016,new
1884,13,5,2,2016,new
1885,82,24,0,2016,new
1886,1,2,0,2016,new
1887,45,15,0,2016,new
1888,1,1,0,2016,new
1889,156,11,0,2016,new
1890,1,1,0,2016,new
1891,11,9,0,2016,new
1892,25,17,0,2016,new
1893,3,0,0,2016,new
1894,2637,1063,20,2016,new
1895,1,1,0,2016,intermediate
1896,3536,2662,0,2016,new
1897,50,15,0,2016,intermediate
1898,99,24,0,2016,new
1899,14,0,0,2016,new
1900,8,8,0,2016,new
1901,3829,3269,0,2016,new
1902,25,27,0,2016,new
1903,65,38,4,2016,new
1904,1778,996,0,2016,new
1905,1,1,0,2016,new
1906,4,4,1,2016,new
1907,1,4,0,2016,new
1908,419,39,6,2016,new
1909,13,5,0,2016,new
1910,88,0,0,2016,new
1911,2,2,0,2016,new
1912,396,42,0,2016,new
1913,1,1,0,2016,new
1914,24567,13007,2,2016,new
1915,2,2,0,2016,new
1916,1,1,0,2016,new
1917,1,1,0,2016,new
1918,6,6,0,2016,intermediate
1919,22330,16232,0,2016,new
1920,2071,1307,0,2016,new
1921,175,66,7,2016,new
1922,29,19,3,2016,new
1923,16,10,2,2016,new
1924,1084,369,11,2016,new
1925,10,4,1,2016,new
1926,26,7,0,2016,intermediate
1927,52,30,0,2016,new
1928,4,6,1,2016,new
1929,12,2,0,2016,new
1930,18,8,0,2016,new
1931,18,1,0,2016,new
1932,6698,3227,24,2016,new
1933,6711,5403,1,2016,intermediate
1934,49,35,0,2016,new
1935,206,18,0,2016,new
1936,110,15,0,2016,new
1937,10,3,0,2016,new
1938,55,28,1,2016,advanced
1939,1,1,0,2016,new
1940,3,7,0,2016,new
1941,211618,180250,1,2016,intermediate
1942,3,1,0,2016,new
1943,8458,7755,0,2016,new
1944,7,3,0,2016,new
1945,8,9,0,2016,new
1946,981,1254,0,2016,intermediate
1947,12,5,0,2016,new
1948,2,2,0,2016,new
1949,26,8,0,2016,new
1950,90,10,0,2016,new
1951,223,12,0,2016,new
1952,15,9,0,2016,intermediate
1953,56,7,0,2016,new
1954,1,1,0,2016,new
1955,7,6,0,2016,new
1956,11,0,0,2016,new
1957,1,1,0,2016,new
1958,30,1,0,2016,new
1959,1,1,0,2016,new
1960,136,40,12,2016,new
1961,69,27,4,2016,new
1962,14,2,1,2016,new
1963,713,204,3,2016,new
1964,14,1,0,2016,intermediate
1965,9,54,1,2016,new
1966,180,66,0,2016,new
1967,1,1,0,2016,new
1968,54,38,0,2016,new
1969,9,14,0,2016,intermediate
1970,3,3,0,2016,new
1971,43,24,0,2016,new
1972,27,11,0,2016,new
1973,24,49,0,2016,intermediate
1974,958,869,0,2016,intermediate
1975,9,0,0,2016,new
1976,179,121,0,2016,new
1977,108,153,0,2016,new
1978,8424,5532,0,2016,new
1979,23,13,0,2016,new
1980,20,20,0,2016,new
1981,128,8,0,2016,new
1982,47,55,0,2016,new
1983,4,4,0,2016,new
1984,58,9,0,2016,new
1985,59,17,0,2016,new
1986,60,47,0,2016,new
1987,579,315,0,2016,new
1988,4,4,0,2016,new
1989,36,3,1,2016,new
1990,3584,2557,0,2016,new
1991,176,22,0,2016,new
1992,2,0,0,2016,new
1993,3,3,0,2016,new
1994,83,2,0,2016,new
1995,11,1,0,2016,new
1996,58,31,0,2016,new
1997,1013,863,0,2016,new
1998,14,3,0,2016,new
1999,4,0,0,2016,new
2000,1,1,0,2016,new
2001,10,4,0,2016,new
2002,24,7,2,2016,new
2003,16,6,1,2016,new
2004,8430,11191,0,2016,new
2005,2,2,0,2016,new
2006,1,1,0,2016,new
2007,49,1,0,2016,new
2008,71,60,0,2016,new
2009,3,1,0,2016,new
2010,1,1,0,2016,new
2011,185,184,0,2016,new
2012,3,3,0,2016,new
2013,490,400,5,2016,new
2014,188,26,4,2016,new
2015,278,161,0,2016,new
2016,22287,19732,3,2016,new
2017,2,2,0,2016,new
2018,18072,13907,2,2016,new
2019,60,2,0,2016,intermediate
2020,14,3,0,2016,new
2021,521,85,1,2016,new
2022,30,11,0,2016,new
2023,14,1,0,2016,intermediate
2024,6,0,0,2016,new
2025,383,239,0,2016,new
2026,21,1,0,2016,new
2027,52,21,0,2016,new
2028,148,3,3,2016,new
2029,1334,1595,3,2016,new
2030,104,2,2,2016,new
2031,2,2,0,2016,new
2032,49,50,0,2016,new
2033,179,34,0,2016,new
2034,8,2,0,2016,new
2035,30,8,0,2016,new
2036,47,24,0,2016,new
2037,30,6,0,2016,new
2038,131,10,0,2016,new
2039,2,2,0,2016,new
2040,84,0,0,2016,new
2041,53,18,4,2016,new
2042,36,15,3,2016,new
2043,15,5,2,2016,new
2044,10,7,1,2016,new
2045,1,1,0,2016,new
2046,1,1,0,2016,new
2047,6,2,0,2016,new
2048,2,2,0,2016,new
2049,20,0,1,2016,new
2050,2,4,0,2016,new
2051,41,1,0,2016,new
2052,613,209,3,2016,intermediate
2053,1,1,0,2016,new
2054,6,6,0,2016,new
2055,58,30,0,2016,new
2056,1,1,0,2016,new
2057,10,9,0,2016,new
2058,1,2,0,2016,new
2059,6,6,0,2016,new
2060,75,105,0,2016,new
2061,25,25,0,2016,new
2062,210,121,0,2016,new
2063,126,72,0,2016,new
2064,4,4,0,2016,new
2065,69,3,0,2016,new
2066,2219,1366,0,2016,new
2067,6,6,0,2016,new
2068,1,1,1,2016,new
2069,13,9,0,2016,new
2070,62,10,0,2016,new
2071,981,675,0,2016,new
2072,3,4,1,2016,new
2073,1,1,0,2016,new
2074,28,2,1,2016,new
2075,9,13,0,2016,new
2076,342,287,0,2016,new
2077,36,3,0,2016,intermediate
2078,46,43,1,2016,new
2079,2,2,0,2016,new
2080,1,1,0,2016,new
2081,7,3,1,2016,new
2082,25,11,2,2016,new
2083,20,20,0,2016,new
2084,840,229,0,2016,new
2085,143,57,9,2016,intermediate
2086,1,1,0,2016,new
2087,72,25,0,2016,new
2088,1,1,0,2016,new
2089,2222,1112,2,2016,new
2090,29,25,0,2016,new
2091,22280,16079,19,2016,intermediate
2092,2,2,0,2016,new
2093,46529,38147,14,2016,new
2094,10672,3681,0,2016,intermediate
2095,2,2,0,2016,new
2096,2070,889,1,2016,new
2097,110,43,0,2016,new
2098,619,283,0,2016,new
2099,262,58,0,2016,new
2100,1,1,0,2016,new
2101,690,317,0,2016,new
2102,2,2,0,2016,new
2103,234,10,0,2016,new
2104,5,5,0,2016,new
2105,6,8,0,2016,new
2106,16,10,0,2016,new
2107,2,2,0,2016,new
2108,1305,3,0,2016,new
2109,13,0,1,2016,new
2110,26,0,0,2016,new
2111,22,7,0,2016,new
2112,1,1,0,2016,new
2113,11,2,0,2016,advanced
2114,349,136,0,2016,new
2115,12,6,0,2016,new
2116,3,3,0,2016,new
2117,2,2,0,2016,new
2118,7411,6214,0,2016,new
2119,110,42,0,2016,new
2120,3,3,0,2016,new
2121,190,69,6,2016,new
2122,117,109,3,2016,new
2123,6,2,1,2016,new
2124,13,3,3,2016,new
2125,1151,1185,3,2016,new
2126,69,2,0,2016,new
2127,66,19,4,2016,new
2128,105,46,0,2016,new
2129,1093,50,2,2016,new
2130,6,6,0,2016,new
2131,101,4,3,2016,new
2132,26,30,0,2016,new
2133,86,59,0,2016,new
2134,10,15,0,2016,new
2135,26,32,0,2016,new
2136,877,263,0,2016,intermediate
2137,450,317,0,2016,new
2138,264,127,0,2016,new
2139,1,1,0,2016,new
2140,9,8,0,2016,new
2141,1329,1454,0,2016,intermediate
2142,10,7,0,2016,intermediate
2143,44,1,0,2016,new
2144,183,42,0,2016,new
2145,10,0,0,2016,new
2146,1,1,0,2016,new
2147,1569,698,0,2016,intermediate
2148,4,4,0,2016,new
2149,11110,5610,1,2016,new
2150,12,5,0,2016,new
2151,146,94,0,2016,new
2152,5,5,0,2016,new
2153,3,1,0,2016,new
2154,2,2,0,2016,new
2155,143,116,0,2016,new
2156,1,1,0,2016,new
2157,109,52,2,2016,new
2158,1,2,0,2016,new
2159,62,6,0,2016,new
2160,44,32,0,2016,new
2161,3,3,0,2016,intermediate
2162,12,7,1,2016,new
2163,26,17,3,2016,new
2164,2,2,0,2016,new
2165,1,1,0,2016,new
2166,8,4,1,2016,new
2167,29,15,5,2016,new
2168,10,3,0,2016,new
2169,76,14,0,2016,new
2170,11,7,0,2016,new
2171,1,1,0,2016,new
2172,4,6,0,2016,new
2173,27885,7081,17,2016,new
2174,160,151,0,2016,intermediate
2175,3517,884,1,2016,intermediate
2176,1,1,0,2016,new
2177,2,2,0,2016,new
2178,764,368,0,2016,new
2179,416,53,0,2016,new
2180,337,223,0,2016,new
2181,270,34,1,2016,new
2182,2245,1583,0,2016,intermediate
2183,142,42,0,2016,new
2184,1,13,0,2016,new
2185,3,3,0,2016,new
2186,1,1,0,2016,intermediate
2187,56,29,0,2016,new
2188,138,58,0,2016,new
2189,11,11,0,2016,new
2190,935,109,0,2016,advanced
2191,4,4,0,2016,new
2192,131,66,0,2016,new
2193,33,4,1,2016,new
2194,1,1,0,2016,new
2195,45,0,0,2016,new
2196,2,0,0,2016,new
2197,1,1,0,2016,new
2198,203,81,0,2016,intermediate
2199,3,1,0,2016,new
2200,1,1,0,2016,new
2201,47,10,0,2016,new
2202,143,30,0,2016,intermediate
2203,4498,4302,7,2016,new
2204,15,5,1,2016,new
2205,35,16,1,2016,new
2206,3,3,0,2016,new
2207,23,11,1,2016,new
2208,163,68,3,2016,new
2209,12,8,1,2016,new
2210,42,37,0,2016,new
2211,2,2,0,2016,new
2212,30,1,0,2016,new
2213,121932,50497,0,2016,new
2214,11,11,0,2016,new
2215,11969,6586,5,2016,new
2216,1047,479,10,2016,new
2217,179,74,1,2016,new
2218,380,230,0,2016,new
2219,1,1,0,2016,intermediate
2220,18,13,0,2016,new
2221,2963,1786,0,2016,new
2222,36,4,0,2016,new
2223,1,1,0,2016,new
2224,7,7,0,2016,new
2225,100,15,3,2016,new
2226,2,2,0,2016,new
2227,7,2,0,2016,new
2228,112,89,0,2016,new
2229,13,13,0,2016,new
2230,21,3,0,2016,new
2231,1,1,0,2016,new
2232,158,7,1,2016,new
2233,50,11,0,2016,new
2234,37,4,0,2016,new
2235,19,17,0,2016,intermediate
2236,87,0,0,2016,new
2237,3,2,0,2016,new
2238,64,9,0,2016,new
2239,3099,908,0,2016,new
2240,9,9,0,2016,new
2241,2,2,0,2016,new
2242,100,2,0,2016,new
2243,10,5,2,2016,new
2244,22,0,0,2016,new
2245,7,3,2,2016,new
2246,5,3,2,2016,new
2247,100,30,5,2016,new
2248,17,2,0,2016,new
2249,75,47,1,2016,new
2250,12,10,0,2016,new
2251,7,5,0,2016,new
2252,1,1,0,2016,new
2253,39,35,0,2016,new
2254,1054,956,0,2016,new
2255,39751,42360,27,2016,new
2256,7,2,0,2016,new
2257,95818,43252,8,2016,intermediate
2258,1003,348,16,2016,new
2259,15,5,0,2016,new
2260,546,669,0,2016,new
2261,57,5,0,2016,new
2262,25,0,0,2016,new
2263,1236,562,0,2016,new
2264,33,18,0,2016,new
2265,1,1,0,2016,new
2266,4,4,0,2016,new
2267,88,38,0,2016,new
2268,2,2,0,2016,new
2269,17501,16754,5,2016,new
2270,1,1,0,2016,intermediate
2271,1,1,0,2016,new
2272,1,1,0,2016,new
2273,484,318,0,2016,new
2274,15,14,0,2016,new
2275,1,1,0,2016,new
2276,20,2,0,2016,intermediate
2277,105,44,0,2016,new
2278,2,0,0,2016,new
2279,1,1,0,2016,new
2280,52,5,0,2016,intermediate
2281,23,373,3,2016,new
2282,1881,47,1,2016,new
2283,2,0,0,2016,new
2284,76,14,2,2016,new
2285,12,7,1,2016,new
2286,5,1,2,2016,new
2287,8,3,1,2016,new
2288,41,22,2,2016,new
2289,2,19,0,2016,new
2290,12,11,0,2016,new
2291,18,7,2,2016,new
2292,18,1,0,2016,new
2293,13,13,0,2016,new
2294,5195,3027,0,2016,new
2295,10,6,2,2016,new
2296,1,1,0,2016,new
2297,15,13,0,2016,new
2298,78,21,0,2016,new
2299,1495,949,1,2016,intermediate
2300,2,0,0,2016,new
2301,1,1,0,2016,new
2302,3,3,0,2016,new
2303,23,23,0,2016,new
2304,54,36,0,2016,new
2305,7,4,4,2016,new
2306,7,5,0,2016,new
2307,6,0,0,2016,new
2308,103,20,0,2016,new
2309,659,97,1,2016,new
2310,1,1,0,2016,new
2311,582,124,0,2016,new
2312,51,27,1,2016,new
2313,4,5,0,2016,new
2314,333,83,0,2016,intermediate
2315,0,1,0,2016,new
2316,17,9,0,2016,new
2317,0,18,0,2016,new
2318,9,9,0,2016,new
2319,17,10,0,2016,new
2320,9,6,0,2016,new
2321,292,97,0,2016,intermediate
2322,21,0,0,2016,new
2323,17,7,2,2016,new
2324,29669,23769,13,2016,new
2325,8,3,1,2016,new
2326,5,2,1,2016,new
2327,39,10,0,2016,new
2328,3,15,0,2016,new
2329,4,4,0,2016,new
2330,492,14,0,2016,new
2331,1213,589,6,2016,new
2332,775,219,1,2016,intermediate
2333,6,1,0,2016,new
2334,907,359,1,2016,new
2335,2367,554,1,2016,new
2336,2,2,0,2016,new
2337,93,30,0,2016,intermediate
2338,87,113,1,2016,new
2339,6,9,0,2016,new
2340,459,56,1,2016,new
2341,71,2,0,2016,new
2342,2,2,0,2016,new
2343,2847,1401,1,2016,intermediate
2344,5,3,0,2016,new
2345,1,1,0,2016,new
2346,236,26,0,2016,new
2347,2,2,0,2016,new
2348,106,32,3,2016,new
2349,214,201,1,2016,new
2350,77,5,0,2016,new
2351,49,7,0,2016,new
2352,1,1,0,2016,new
2353,29,13,0,2016,new
2354,3,2,0,2016,new
2355,165,165,3,2016,intermediate
2356,125,148,0,2016,new
2357,78,29,3,2017,intermediate
2358,79,3,0,2017,new
2359,24,22,0,2017,new
2360,20,0,0,2017,intermediate
2361,2,2,1,2017,new
2362,92,8,4,2017,new
2363,2004,1058,1,2017,new
2364,7778,4571,0,2017,intermediate
2365,2123,1545,0,2017,new
2366,2,2,0,2017,new
2367,122,21,0,2017,new
2368,6,1,1,2017,intermediate
2369,48,12,0,2017,intermediate
2370,4,4,0,2017,new
2371,6,4,0,2017,new
2372,58,8,0,2017,new
2373,6,4,0,2017,new
2374,1316,1770,0,2017,new
2375,8,8,0,2017,new
2376,46,37,2,2017,intermediate
2377,103,33,0,2017,new
2378,1996,1158,2,2017,new
2379,1,1,0,2017,new
2380,1,4,0,2017,new
2381,59,59,0,2017,new
2382,1,1,0,2017,new
2383,1,1,0,2017,intermediate
2384,86,24,0,2017,intermediate
2385,12,1,2,2017,new
2386,1,1,0,2017,new
2387,109,40,5,2017,intermediate
2388,1,1,1,2017,new
2389,199,216,0,2017,new
2390,180,0,0,2017,intermediate
2391,56,112,0,2017,intermediate
2392,82,31,0,2017,new
2393,5252,2506,0,2017,intermediate
2394,38,36,0,2017,new
2395,1071,469,0,2017,intermediate
2396,202,61,0,2017,new
2397,50,10,0,2017,intermediate
2398,2,3,0,2017,new
2399,1257,414,1,2017,intermediate
2400,1,1,0,2017,new
2401,66282,42900,0,2017,intermediate
2402,0,2,0,2017,intermediate
2403,318,12,2,2017,intermediate
2404,260,70,0,2017,intermediate
2405,111,89,1,2017,new
2406,73,7,0,2017,new
2407,9,24,0,2017,intermediate
2408,90,53,0,2017,new
2409,33,7,0,2017,new
2410,2540,329,0,2017,intermediate
2411,869,414,1,2017,intermediate
2412,11,0,0,2017,intermediate
2413,1,1,0,2017,new
2414,20,54,0,2017,new
2415,393,91,0,2017,new
2416,18,5,0,2017,new
2417,68,37,0,2017,intermediate
2418,55,0,0,2017,new
2419,0,1,1,2017,new
2420,11941,7904,9,2017,new
2421,195,101,0,2017,new
2422,449,328,0,2017,new
2423,402,399,0,2017,new
2424,295,68,0,2017,new
2425,13,0,0,2017,new
2426,1,1,0,2017,new
2427,25,0,0,2017,new
2428,1463,251,0,2017,new
2429,1,1,0,2017,new
2430,25,0,0,2017,new
2431,385,16,0,2017,new
2432,1,1,0,2017,new
2433,26,13,0,2017,new
2434,6,5,2,2017,new
2435,22,4,0,2017,intermediate
2436,253,170,0,2017,new
2437,75,48,0,2017,new
2438,259,87,0,2017,new
2439,40,12,0,2017,new
2440,133,38,0,2017,new
2441,394,31,0,2017,new
2442,85,12,4,2017,new
2443,99,31,0,2017,new
2444,1,1,0,2017,new
2445,1,1,0,2017,new
2446,338,93,1,2017,intermediate
2447,8023,3196,0,2017,intermediate
2448,32902,19538,4,2017,new
2449,2614,175,0,2017,new
2450,432,211,0,2017,new
2451,22,19,0,2017,new
2452,1,1,0,2017,new
2453,223,33,0,2017,intermediate
2454,2,2,0,2017,new
2455,6,6,2,2017,new
2456,110,27,0,2017,new
2457,28,28,0,2017,new
2458,9,6,0,2017,new
2459,1,1,0,2017,new
2460,2651,1487,3,2017,new
2461,1601,80,10,2017,new
2462,181,51,0,2017,new
2463,199,235,0,2017,new
2464,1,1,0,2017,new
2465,1,0,0,2017,new
2466,158,63,6,2017,new
2467,216,68,0,2017,new
2468,4,0,0,2017,intermediate
2469,2,1,0,2017,new
2470,1,1,0,2017,new
2471,1,1,0,2017,new
2472,24,2,0,2017,new
2473,219,40,0,2017,new
2474,157,26,1,2017,new
2475,10,7,0,2017,new
2476,428,384,0,2017,new
2477,133,143,0,2017,intermediate
2478,1,1,0,2017,new
2479,7,9,0,2017,new
2480,9,9,0,2017,intermediate
2481,1,1,0,2017,intermediate
2482,40,32,0,2017,new
2483,62,185,0,2017,intermediate
2484,34,4,2,2017,new
2485,15,0,0,2017,new
2486,245,22,0,2017,advanced
2487,23,87,1,2017,new
2488,3,3,0,2017,new
2489,14,3,1,2017,new
2490,64,28,0,2017,intermediate
2491,18,4,0,2017,new
2492,218,36,0,2017,new
2493,12,4,0,2017,intermediate
2494,23,1,0,2017,new
2495,1687,605,0,2017,new
2496,40,16,0,2017,new
2497,2,2,0,2017,new
2498,0,1,1,2017,new
2499,85,163,2,2017,new
2500,201,17,0,2017,new
2501,1,5,1,2017,new
2502,1,1,0,2017,new
2503,5,3,2,2017,new
2504,13,9,0,2017,new
2505,25,24,0,2017,new
2506,3,3,0,2017,new
2507,74099,78564,2,2017,intermediate
2508,25,5,0,2017,new
2509,2,0,1,2017,new
2510,69,14,0,2017,new
2511,263,168,0,2017,intermediate
2512,66,28,0,2017,new
2513,3,3,0,2017,new
2514,23,6,0,2017,new
2515,205,99,1,2017,intermediate
2516,180,129,0,2017,new
2517,168,60,0,2017,new
2518,119,1,0,2017,new
2519,392,224,0,2017,new
2520,9,7,0,2017,new
2521,5675,5596,0,2017,new
2522,53231,59985,0,2017,new
2523,103,7,2,2017,new
2524,264,236,0,2017,new
2525,6,6,0,2017,intermediate
2526,189,20,0,2017,new
2527,10467,4801,0,2017,new
2528,963,694,1,2017,new
2529,4,4,0,2017,intermediate
2530,2,2,0,2017,new
2531,1,1,0,2017,new
2532,23,16,0,2017,new
2533,102,100,0,2017,intermediate
2534,1,1,0,2017,new
2535,53,19,0,2017,intermediate
2536,70,37,0,2017,new
2537,30,7,0,2017,new
2538,146,0,0,2017,new
2539,1302,446,2,2017,new
2540,25,24,0,2017,new
2541,32,2,0,2017,new
2542,6,5,0,2017,new
2543,8,8,0,2017,new
2544,15,3,0,2017,new
2545,201,121,0,2017,advanced
2546,10612,9249,0,2017,new
2547,9883,5861,0,2017,intermediate
2548,14,1,1,2017,new
2549,816,588,0,2017,advanced
2550,10,2,0,2017,new
2551,997,588,0,2017,intermediate
2552,112,37,0,2017,new
2553,4693,2711,0,2017,intermediate
2554,9181,11599,0,2017,new
2555,414,158,7,2017,new
2556,400,327,0,2017,advanced
2557,1397,263,9,2017,new
2558,32,3,0,2017,new
2559,6,4,0,2017,new
2560,4,4,0,2017,new
2561,8,5,0,2017,new
2562,14,25,0,2017,new
2563,2,2,0,2017,new
2564,401,394,0,2017,intermediate
2565,1,1,0,2017,new
2566,6,6,0,2017,new
2567,30,16,1,2017,new
2568,10,5,0,2017,new
2569,20,81,1,2017,intermediate
2570,778,19,0,2017,intermediate
2571,10,33,0,2017,intermediate
2572,266,173,0,2017,new
2573,5,9,0,2017,new
2574,75,4,0,2017,new
2575,146,14,1,2017,new
2576,1178,621,0,2017,new
2577,151,10,0,2017,new
2578,18348,9235,0,2017,new
2579,1024,836,0,2017,new
2580,3,3,0,2017,new
2581,103,91,0,2017,new
2582,2,2,0,2017,intermediate
2583,12085,7997,4,2017,new
2584,169,41,0,2017,new
2585,1,1,0,2017,new
2586,1431,627,0,2017,intermediate
2587,0,4,0,2017,new
2588,2036,1484,0,2017,intermediate
2589,77,39,0,2017,new
2590,12,8,0,2017,new
2591,2,14,0,2017,advanced
2592,84,12,0,2017,new
2593,92,22,6,2017,new
2594,218,121,0,2017,new
2595,22,6,0,2017,new
2596,6,6,0,2017,intermediate
2597,1,1,0,2017,new
2598,160,188,0,2017,intermediate
2599,48,13,0,2017,intermediate
2600,75,12,1,2017,new
2601,6,2,1,2017,new
2602,2,2,0,2017,new
2603,63456,52395,0,2017,new
2604,20,19,0,2017,new
2605,162,52,0,2017,intermediate
2606,205,38,0,2017,new
2607,99,2,0,2017,new
2608,366,711,1,2017,new
2609,629,156,0,2017,new
2610,45,15,0,2017,new
2611,6,2,0,2017,new
2612,153,147,0,2017,new
2613,488,359,0,2017,new
2614,17,0,1,2017,new
2615,172,27,0,2017,new
2616,3411,3470,0,2017,intermediate
2617,2,7,0,2017,new
2618,10,5,0,2017,new
2619,4,4,0,2017,new
2620,1,1,0,2017,new
2621,212,158,0,2017,new
2622,2275,1672,1,2017,intermediate
2623,15206,7665,0,2017,intermediate
2624,235,47,0,2017,new
2625,6802,7232,0,2017,intermediate
2626,127,51,0,2017,new
2627,13,1,0,2017,new
2628,4,3,0,2017,new
2629,2,2,0,2017,new
2630,18,27,0,2017,new
2631,113,54,0,2017,intermediate
2632,38,18,0,2017,intermediate
2633,5,3,1,2017,new
2634,8,8,0,2017,new
2635,659,310,0,2017,new
2636,6,3,0,2017,new
2637,22,22,0,2017,new
2638,6,3,0,2017,new
2639,14952,6287,0,2017,intermediate
2640,72,46,0,2017,intermediate
2641,1,1,0,2017,new
2642,176,133,0,2017,new
2643,1,1,0,2017,new
2644,1,1,0,2017,new
2645,46,5,0,2017,new
2646,79,8,0,2017,new
2647,267,95,0,2017,new
2648,42,1,0,2017,new
2649,20,4,2,2017,new
2650,737,120,0,2017,new
2651,32,8,0,2017,new
2652,8729,4801,0,2017,new
2653,213,128,0,2017,new
2654,46,6,0,2017,new
2655,54,36,0,2017,new
2656,39,0,0,2017,new
2657,372,38,0,2017,new
2658,23,18,0,2017,new
2659,23961,22044,0,2017,new
2660,1,1,0,2017,new
2661,164,19,1,2017,new
2662,1300,1138,0,2017,intermediate
2663,5,1,0,2017,new
2664,27,0,0,2017,new
2665,16,1,0,2017,new
2666,564,186,0,2017,new
2667,134,115,0,2017,new
2668,17,4,0,2017,new
2669,11417,6371,0,2017,new
2670,1,1,0,2017,new
2671,1468,376,0,2017,new
2672,30,2,0,2017,intermediate
2673,65,0,0,2017,intermediate
2674,565,805,0,2017,intermediate
2675,3,1,0,2017,new
2676,449,209,0,2017,new
2677,0,8,0,2017,intermediate
2678,44,45,0,2017,intermediate
2679,521,86,1,2017,new
2680,394,43,0,2017,intermediate
2681,61,2,0,2017,new
2682,1587,1869,0,2017,new
2683,4,0,0,2017,new
2684,864,82,0,2017,new
2685,211,101,0,2017,new
2686,181,57,0,2017,new
2687,18,6,0,2017,new
2688,5,5,0,2017,intermediate
2689,115,234,0,2017,intermediate
2690,104,4,0,2017,new
2691,1,1,0,2017,new
2692,10805,5740,0,2017,new
2693,2,1,0,2017,new
2694,70,6,0,2017,new
2695,47,12,1,2017,new
2696,1,1,0,2017,new
2697,35906,60870,0,2017,intermediate
2698,206,11,0,2017,new
2699,1867,1546,0,2017,new
2700,28050,21114,9,2017,intermediate
2701,272,154,0,2017,intermediate
2702,1,1,0,2017,new
2703,112,110,0,2017,new
2704,204,278,0,2017,intermediate
2705,253,171,0,2017,intermediate
2706,31,23,0,2017,intermediate
2707,3,3,0,2017,new
2708,52,7,0,2017,new
2709,1922,1964,5,2017,new
2710,2230,559,4,2017,new
2711,2,2,0,2017,new
2712,902,253,0,2017,intermediate
2713,5493,2785,0,2017,new
2714,374,64,0,2017,intermediate
2715,482,33,0,2017,intermediate
2716,1417,180,0,2017,new
2717,14,4,0,2017,intermediate
2718,69,13,0,2017,new
2719,9,5,0,2017,new
2720,4,0,1,2017,new
2721,36,35,0,2017,new
2722,5,1,1,2017,new
2723,1,1,0,2017,new
2724,526,26,0,2017,new
2725,1,1,0,2017,new
2726,35,4,0,2017,new
2727,1281,319,0,2017,new
2728,127,10,0,2017,new
2729,47,29,1,2017,new
2730,68,41,0,2017,intermediate
2731,16,4,0,2017,new
2732,449,603,0,2017,new
2733,66,38,10,2017,new
2734,109311,69036,0,2017,intermediate
2735,58,19,0,2017,intermediate
2736,21837,10955,4,2017,intermediate
2737,539,240,0,2017,new
2738,2,2,0,2017,new
2739,164436,111566,5,2017,intermediate
2740,1028,212,0,2017,new
2741,23,12,4,2017,new
2742,241,84,0,2017,intermediate
2743,47,50,0,2017,new
2744,1558,33,0,2017,intermediate
2745,2,2,0,2017,intermediate
2746,7121,5411,0,2017,new
2747,1,1,0,2017,new
2748,1505,920,0,2017,new
2749,69,98,0,2017,intermediate
2750,1,1,0,2017,new
2751,19,0,0,2017,new
2752,1,1,0,2017,new
2753,36,21,4,2017,new
2754,45,1,2,2017,new
2755,312,273,4,2017,new
2756,774,455,0,2017,new
2757,10,7,0,2017,intermediate
2758,19,1,0,2017,new
2759,175,77,4,2017,new
2760,91,18,2,2017,new
2761,119,23,0,2017,new
2762,59,59,0,2017,new
2763,2,3,0,2017,new
2764,72,1,0,2017,new
2765,1,1,0,2017,intermediate
2766,98,9,2,2017,new
2767,6,2,0,2017,new
2768,7,1,1,2017,new
2769,4,0,0,2017,intermediate
2770,2,2,0,2017,new
2771,19,32,1,2017,new
2772,1027,628,0,2017,new
2773,9,49,0,2017,new
2774,48,3,0,2017,new
2775,33,8,0,2017,new
2776,64264,48092,5,2017,new
2777,1570,146,0,2017,intermediate
2778,18660,17570,2,2017,new
2779,1142,758,0,2017,intermediate
2780,6,6,0,2017,new
2781,1,1,0,2017,intermediate
2782,168,6,0,2017,new
2783,68,17,0,2017,new
2784,9,7,0,2017,new
2785,7,3,0,2017,new
2786,25,0,0,2017,intermediate
2787,3800,7867,0,2017,intermediate
2788,2,1,0,2017,new
2789,39,16,0,2017,new
2790,282,95,0,2017,new
2791,4391,35,0,2017,intermediate
2792,25,26,0,2017,advanced
2793,345,144,0,2017,new
2794,58,2,0,2017,new
2795,648,155,0,2017,intermediate
2796,24,7,0,2017,new
2797,154,22,1,2017,new
2798,172,43,0,2017,intermediate
2799,40,12,0,2017,new
2800,21,1,0,2017,new
2801,4,6,0,2017,new
2802,170,47,0,2017,new
2803,67,15,1,2017,new
2804,43,38,0,2017,new
2805,3,3,0,2017,new
2806,8,8,0,2017,new
2807,2,2,0,2017,new
2808,9,7,0,2017,new
2809,42,17,0,2017,new
2810,6911,7081,0,2017,new
2811,251,78,1,2017,new
2812,83,45,0,2017,new
2813,21410,14923,8,2017,intermediate
2814,1253,142,0,2017,intermediate
2815,3,2,1,2017,new
2816,96869,85205,0,2017,new
2817,1,1,0,2017,intermediate
2818,61,9,1,2017,new
2819,1556,519,0,2017,new
2820,335,142,0,2017,new
2821,72,8,0,2017,intermediate
2822,308,176,0,2017,new
2823,4,21,0,2017,intermediate
2824,37,1,0,2017,intermediate
2825,4,14,0,2017,intermediate
2826,41,42,3,2017,new
2827,17,11,2,2017,new
2828,0,15,0,2017,intermediate
2829,4170,2410,3,2017,new
2830,1,1,0,2017,new
2831,994,420,0,2017,new
2832,2,0,0,2017,new
2833,6,6,1,2017,new
2834,314,88,0,2017,new
2835,462,221,0,2017,new
2836,1,1,0,2017,new
2837,9,5,0,2017,new
2838,6,3,0,2017,new
2839,2133,1077,0,2017,new
2840,25,20,1,2017,intermediate
2841,6,3,1,2017,new
2842,1299,388,0,2017,intermediate
2843,45,6,0,2017,new
2844,218,245,0,2017,new
2845,36,48,0,2017,new
2846,315,230,0,2017,intermediate
2847,1,1,0,2017,new
2848,3,0,0,2017,new
2849,52280,82041,1,2017,intermediate
2850,40,2,0,2017,new
2851,39,7,0,2017,new
2852,29450,21227,0,2017,intermediate
2853,59710,40918,3,2017,advanced
2854,7418,5107,0,2017,intermediate
2855,35,0,3,2017,new
2856,51,30,0,2017,intermediate
2857,5786,2381,0,2017,new
2858,3,3,0,2017,new
2859,18,1,1,2017,new
2860,64,17,0,2017,intermediate
2861,2088,1109,2,2017,new
2862,40,12,0,2017,new
2863,1,1,0,2017,new
2864,108,48,6,2017,new
2865,92,14,2,2017,new
2866,307,17,1,2017,intermediate
2867,2,7,0,2017,new
2868,143,1,0,2017,intermediate
2869,3,3,0,2017,new
2870,23,1,0,2017,new
2871,4,4,0,2017,new
2872,43700,42569,0,2017,new
2873,35,0,1,2017,new
2874,5,1,0,2017,new
2875,1515,30,0,2017,new
2876,1,1,0,2017,new
2877,1,1,0,2017,new
2878,5,3,0,2017,intermediate
2879,94,6,0,2017,new
2880,1,1,0,2017,new
2881,22,7,0,2017,new
2882,76,78,0,2017,new
2883,49,5,0,2017,intermediate
2884,63,34,0,2017,new
2885,72,19,0,2017,new
2886,37,37,0,2017,new
2887,36,9,0,2017,new
2888,9009,7835,0,2017,new
2889,22,1,0,2017,new
2890,5230,2690,7,2017,new
2891,3,1,0,2017,new
2892,13,19,0,2017,intermediate
2893,36,16,0,2017,new
2894,897,414,2,2017,new
2895,1,1,0,2017,new
2896,5248,4554,1,2017,new
2897,93,43,0,2017,new
2898,49,10,0,2017,new
2899,8,2,0,2017,new
2900,1,1,0,2017,new
2901,7,2,0,2017,new
2902,48,29,0,2017,new
2903,126,48,0,2017,new
2904,3453,1204,0,2017,new
2905,82,25,6,2017,new
2906,13825,4785,0,2017,new
2907,97,24,5,2017,intermediate
2908,7,7,0,2017,new
2909,1,19,0,2017,new
2910,31108,30239,0,2017,intermediate
2911,1,1,0,2017,new
2912,2,1,0,2017,intermediate
2913,122,18,0,2017,intermediate
2914,12,14,0,2017,new
2915,372,906,5,2017,intermediate
2916,3,3,0,2017,new
2917,13,0,1,2017,new
2918,172,25,0,2017,new
2919,1123,537,0,2017,new
2920,9,4,1,2017,new
2921,136,30,0,2017,new
2922,105,76,0,2017,new
2923,44,44,0,2017,new
2924,61,4,4,2017,new
2925,89,37,0,2017,new
2926,29,0,0,2017,intermediate
2927,5,1,0,2017,new
2928,71,42,0,2017,intermediate
2929,267,21,0,2017,new
2930,34,1,1,2017,new
2931,2,5,0,2017,new
2932,40,2,0,2017,new
2933,3059,2723,3,2017,intermediate
2934,2,2,2,2017,new
2935,86,3,0,2017,new
2936,284,293,0,2017,intermediate
2937,72,61,0,2017,intermediate
2938,87,37,0,2017,new
2939,657,33,0,2017,intermediate
2940,3,3,0,2017,new
2941,844,374,1,2017,new
2942,539,622,1,2017,new
2943,7,4,0,2017,new
2944,809,492,9,2017,new
2945,108,5,0,2017,new
2946,358,241,7,2017,new
2947,428,158,0,2017,new
2948,1,1,0,2017,new
2949,231,0,0,2017,intermediate
2950,10,10,0,2017,new
2951,5,0,1,2017,new
2952,97,29,0,2017,intermediate
2953,90,0,0,2017,new
2954,41,13,0,2017,new
2955,5,5,0,2017,new
2956,1490,635,0,2017,new
2957,114,72,1,2017,new
2958,271,186,0,2017,intermediate
2959,96,8,0,2017,new
2960,2325,1422,0,2017,new
2961,2,2,0,2017,new
2962,4,30,0,2017,new
2963,148,97,0,2017,new
2964,25,7,0,2017,new
2965,988,332,0,2018,intermediate
2966,2,2,0,2018,new
2967,8,0,0,2018,intermediate
2968,1,1,0,2018,new
2969,92,17,2,2018,new
2970,1763,2056,1,2018,intermediate
2971,302,3,0,2018,intermediate
2972,6,2,1,2018,new
2973,386,667,0,2018,intermediate
2974,59,6,0,2018,new
2975,34248,18699,0,2018,intermediate
2976,115,63,0,2018,new
2977,5,4,0,2018,intermediate
2978,19,19,0,2018,intermediate
2979,112,22,2,2018,new
2980,572,198,7,2018,new
2981,4,4,2,2018,new
2982,78,139,0,2018,intermediate
2983,158,69,0,2018,new
2984,173,104,0,2018,intermediate
2985,540,188,0,2018,intermediate
2986,2,2,0,2018,new
2987,4,6,0,2018,new
2988,35,3,4,2018,intermediate
2989,1,1,0,2018,new
2990,12,0,0,2018,new
2991,0,1,0,2018,new
2992,14,8,0,2018,new
2993,9,8,0,2018,new
2994,4,1,2,2018,new
2995,3,0,0,2018,new
2996,202,95,2,2018,new
2997,3,0,0,2018,intermediate
2998,1,1,0,2018,new
2999,244,124,1,2018,new
3000,1,1,0,2018,intermediate
3001,1,1,0,2018,intermediate
3002,1956,1294,0,2018,new
3003,1,1,0,2018,new
3004,299,143,0,2018,intermediate
3005,5400,6197,0,2018,new
3006,2,1,0,2018,intermediate
3007,9738,8216,34,2018,intermediate
3008,23,1,0,2018,new
3009,41,1393,0,2018,intermediate
3010,5,5,0,2018,new
3011,47119,35024,6,2018,new
3012,350,199,0,2018,intermediate
3013,22,0,0,2018,new
3014,873,426,0,2018,intermediate
3015,36938,37045,0,2018,new
3016,5,5,0,2018,intermediate
3017,105,18,0,2018,new
3018,4,0,0,2018,intermediate
3019,189,189,3,2018,new
3020,154,61,0,2018,intermediate
3021,5,7,0,2018,new
3022,1,1,0,2018,intermediate
3023,344,277,2,2018,new
3024,1,1,0,2018,new
3025,293,378,8,2018,new
3026,943,273,0,2018,intermediate
3027,262,107,0,2018,intermediate
3028,56,140,0,2018,new
3029,1665,1394,0,2018,new
3030,482,250,0,2018,new
3031,3753,1557,1,2018,intermediate
3032,48,0,3,2018,intermediate
3033,2,2,0,2018,intermediate
3034,17,13,1,2018,new
3035,123,115,1,2018,new
3036,10,9,0,2018,new
3037,149,127,0,2018,intermediate
3038,113487,109461,5,2018,intermediate
3039,6,6,0,2018,new
3040,2,2,0,2018,new
3041,68,68,0,2018,new
3042,79,0,0,2018,new
3043,5,1,0,2018,new
3044,9723,8809,0,2018,new
3045,1,1,0,2018,new
3046,212,126,1,2018,advanced
3047,1,1,0,2018,intermediate
3048,1243,823,7,2018,new
3049,30442,146709,1,2018,new
3050,58,11,0,2018,intermediate
3051,5291,3556,3,2018,intermediate
3052,251,39,0,2018,new
3053,13,30,0,2018,new
3054,143,52,0,2018,new
3055,1223,777,0,2018,intermediate
3056,10,10,0,2018,new
3057,1079,75,0,2018,intermediate
3058,42,2,0,2018,intermediate
3059,39,5,0,2018,new
3060,2002,845,0,2018,new
3061,42,7,1,2018,new
3062,39,2,0,2018,new
3063,48,35,0,2018,new
3064,88,19,0,2018,intermediate
3065,14,0,1,2018,new
3066,28059,15170,0,2018,new
3067,38,0,0,2018,new
3068,135,22,0,2018,new
3069,3,0,0,2018,new
3070,10,0,0,2018,new
3071,1,1,0,2018,new
3072,5441,3637,0,2018,new
3073,65,65,0,2018,advanced
3074,6,1,0,2018,intermediate
3075,4,1,0,2018,intermediate
3076,51,43,0,2018,new
3077,70,12,0,2018,intermediate
3078,103,47,0,2018,new
3079,52,15,0,2018,new
3080,2,4,0,2018,new
3081,148,100,0,2018,new
3082,15122,10191,2,2018,new
3083,52,8,0,2018,new
3084,324,453,0,2018,intermediate
3085,1,1,0,2018,new
3086,6722,2951,2,2018,intermediate
3087,1024,493,0,2018,intermediate
3088,272,94,0,2018,intermediate
3089,4266,920,0,2018,intermediate
3090,3401,2226,0,2018,new
3091,127,1,0,2018,new
3092,6,3,0,2018,new
3093,831,747,0,2018,intermediate
3094,204,20,0,2018,new
3095,76,8,0,2018,intermediate
3096,1044,712,4,2018,intermediate
3097,37,30,0,2018,new
3098,10,8,0,2018,new
3099,1,1,0,2018,new
3100,21,19,0,2018,new
3101,120,25,0,2018,intermediate
3102,1190,609,4,2018,new
3103,1,1,0,2018,new
3104,200,92,0,2018,new
3105,3,3,0,2018,new
3106,4,4,0,2018,new
3107,2,2,0,2018,intermediate
3108,934,309,0,2018,new
3109,4,2,0,2018,new
3110,223,24,0,2018,new
3111,32,35,0,2018,intermediate
3112,156,434,0,2018,new
3113,1,1,0,2018,new
3114,19,13,1,2018,intermediate
3115,3,3,0,2018,new
3116,75,37,0,2018,new
3117,1,1,0,2018,new
3118,33,10,0,2018,new
3119,1,1,0,2018,new
3120,1,1,0,2018,new
3121,23241,19341,20,2018,new
3122,100,50,0,2018,new
3123,3180,826,1,2018,advanced
3124,20294,17779,0,2018,intermediate
3125,3680,2787,0,2018,intermediate
3126,92,60,0,2018,new
3127,473390,314865,0,2018,intermediate
3128,570,224,8,2018,new
3129,65,42,0,2018,intermediate
3130,100,97,0,2018,new
3131,65,43,0,2018,new
3132,1,1,0,2018,intermediate
3133,42,30,0,2018,intermediate
3134,49,7,0,2018,new
3135,954,864,0,2018,new
3136,18,6,0,2018,intermediate
3137,53,0,0,2018,new
3138,89,43,0,2018,intermediate
3139,29,20,0,2018,new
3140,11,4,0,2018,intermediate
3141,14,13,0,2018,intermediate
3142,2670,665,0,2018,new
3143,29,0,0,2018,new
3144,1,1,0,2018,new
3145,27,10,0,2018,new
3146,1,2,0,2018,advanced
3147,3,3,0,2018,new
3148,4,1,0,2018,advanced
3149,394,19,9,2018,new
3150,272,66,13,2018,intermediate
3151,1217,700,0,2018,new
3152,158,102,2,2018,new
3153,565,189,0,2018,new
3154,97,13,0,2018,new
3155,323,322,1,2018,new
3156,10,10,0,2018,new
3157,1,1,0,2018,new
3158,219,155,0,2018,new
3159,5145,5080,0,2018,new
3160,135,0,0,2018,new
3161,8,2,0,2018,new
3162,1,1,1,2018,new
3163,2,2,0,2018,intermediate
3164,30,27,0,2018,new
3165,80,45,0,2018,intermediate
3166,8,8,0,2018,new
3167,876,774,1,2018,new
3168,80,6,0,2018,new
3169,12,0,0,2018,intermediate
3170,7,20,0,2018,new
3171,4,4,0,2018,new
3172,287,257,2,2018,new
3173,14,4,0,2018,new
3174,7,14,0,2018,intermediate
3175,7,2,0,2018,new
3176,57,7,0,2018,intermediate
3177,63,0,0,2018,new
3178,422,231,0,2018,new
3179,186,136,0,2018,new
3180,11,14,0,2018,advanced
3181,33,12,0,2018,new
3182,435,127,4,2018,new
3183,162,152,0,2018,intermediate
3184,12,0,2,2018,new
3185,4,4,0,2018,new
3186,7407,7987,5,2018,new
3187,100,5,0,2018,new
3188,19,52,0,2018,new
3189,171,60,0,2018,intermediate
3190,63,28,0,2018,new
3191,22,19,0,2018,new
3192,10,8,1,2018,new
3193,5,3,1,2018,new
3194,1,0,0,2018,new
3195,464,300,0,2018,new
3196,4,3,0,2018,intermediate
3197,8,0,0,2018,new
3198,1962,359,0,2018,intermediate
3199,1,0,0,2018,new
3200,196,136,0,2018,intermediate
3201,20,12,0,2018,new
3202,6155,2530,0,2018,new
3203,62,4,0,2018,intermediate
3204,1,110,0,2018,new
3205,6889,4460,0,2018,intermediate
3206,1,0,1,2018,new
3207,2190,2179,1,2018,intermediate
3208,15,84,0,2018,intermediate
3209,160,3,0,2018,new
3210,3,3,0,2018,new
3211,659,136,0,2018,new
3212,0,11,0,2018,intermediate
3213,32,3,1,2018,new
3214,547,235,1,2018,intermediate
3215,3,3,0,2018,new
3216,1,6,0,2018,new
3217,549,174,3,2018,new
3218,33,6,0,2018,new
3219,13,5,2,2018,new
3220,1,0,0,2018,new
3221,141,24,0,2018,new
3222,207,66,0,2018,intermediate
3223,18,18,0,2018,new
3224,273,95,2,2018,new
3225,4,4,1,2018,new
3226,277,8,0,2018,new
3227,100,33,0,2018,new
3228,11,14,0,2018,new
3229,13,8,0,2018,new
3230,55,0,1,2018,new
3231,810,149,6,2018,new
3232,1,1,0,2018,new
3233,59,5,4,2018,new
3234,4,1,0,2018,new
3235,1,1,0,2018,new
3236,13998,7286,3,2018,intermediate
3237,4,4,0,2018,new
3238,8163,4043,1,2018,intermediate
3239,6,2,0,2018,new
3240,146,49,0,2018,new
3241,310,138,1,2018,new
3242,129,12,0,2018,new
3243,18,1,0,2018,new
3244,25286,17912,0,2018,new
3245,9,1,0,2018,new
3246,876,165,0,2018,new
3247,95,29,0,2018,intermediate
3248,158,6,0,2018,new
3249,820,869,1,2018,new
3250,26,37,0,2018,intermediate
3251,8475,4168,0,2018,new
3252,48,93,0,2018,new
3253,145,28,0,2018,intermediate
3254,6,11,1,2018,intermediate
3255,27,11,0,2018,intermediate
3256,56,3,1,2018,new
3257,611,428,15,2018,new
3258,87,58,0,2018,new
3259,827,427,0,2018,intermediate
3260,92,75,0,2018,intermediate
3261,3,3,0,2018,new
3262,3,1,0,2018,intermediate
3263,4,3,0,2018,intermediate
3264,1135,687,0,2018,new
3265,1,1,0,2018,new
3266,338,66,0,2018,intermediate
3267,1017,1013,2,2018,new
3268,3,0,0,2018,intermediate
3269,1,7,0,2018,new
3270,201,63,0,2018,new
3271,2,2,0,2018,new
3272,2,2,0,2018,new
3273,36,36,0,2018,new
3274,2,2,0,2018,new
3275,1,2,0,2018,new
3276,2163,1118,0,2018,intermediate
3277,293,50,0,2018,new
3278,580,183,2,2018,new
3279,12,13,0,2018,new
3280,129,227,0,2018,new
3281,54894,33638,15,2018,advanced
3282,3327,1048,0,2018,intermediate
3283,10,14,0,2018,new
3284,1,1,0,2018,new
3285,2718,831,0,2018,new
3286,71,59,0,2018,new
3287,221,42,0,2018,intermediate
3288,202,91,0,2018,intermediate
3289,50406,36665,0,2018,new
3290,1036,1012,6,2018,new
3291,5,23,0,2018,new
3292,5,5,0,2018,new
3293,448,184,0,2018,new
3294,1,1,0,2018,new
3295,16,48,0,2018,intermediate
3296,94,228,10,2018,intermediate
3297,2,2,0,2018,new
3298,3,3,0,2018,new
3299,22,16,0,2018,new
3300,9,9,0,2018,new
3301,64,44,7,2018,new
3302,1,1,0,2018,new
3303,200,93,0,2018,new
3304,279,109,0,2018,new
3305,471,477,1,2018,new
3306,239,132,0,2018,new
3307,4,4,0,2018,new
3308,50,31,0,2018,new
3309,2,2,1,2018,new
3310,1,1,0,2018,new
3311,1,1,0,2018,intermediate
3312,18,8,0,2018,new
3313,1,1,0,2018,new
3314,49614,26489,25,2018,new
3315,1,1,0,2018,new
3316,9375,7517,1,2018,intermediate
3317,56,6,0,2018,new
3318,36716,32554,4,2018,intermediate
3319,1033,14,0,2018,intermediate
3320,6,3,0,2018,new
3321,218,225,0,2018,intermediate
3322,12,12,0,2018,intermediate
3323,27,11,2,2018,new
3324,1,1,0,2018,intermediate
3325,107,90,0,2018,new
3326,0,2,0,2018,new
3327,66,23,0,2018,new
3328,793,322,0,2018,intermediate
3329,1308,1151,0,2018,new
3330,1004,596,0,2018,new
3331,15,6,0,2018,intermediate
3332,2723,1195,9,2018,new
3333,88,49,0,2018,intermediate
3334,169,72,0,2018,intermediate
3335,1,1,0,2018,new
3336,1,1,0,2018,new
3337,8,5,0,2018,new
3338,159,51,0,2018,new
3339,1,1,0,2018,intermediate
3340,255,175,0,2018,new
3341,30,10,1,2018,new
3342,8,1,0,2018,intermediate
3343,38,6,0,2018,new
3344,48,0,0,2018,new
3345,355,97,9,2018,new
3346,20,16,3,2018,new
3347,4,4,0,2018,new
3348,1,1,0,2018,new
3349,88,0,1,2018,new
3350,341,16,1,2018,new
3351,51,10,4,2018,new
3352,2,3,0,2018,new
3353,158,37,0,2018,new
3354,5637,392,0,2018,new
3355,3,3,0,2018,intermediate
3356,26,3,0,2018,new
3357,23,12,0,2018,new
3358,60,23,0,2018,new
3359,2038,530,0,2018,intermediate
3360,153,145,0,2018,intermediate
3361,3,3,0,2018,new
3362,322,146,0,2018,new
3363,32,103,0,2018,new
3364,26238,23637,25,2018,intermediate
3365,184488,155481,0,2018,new
3366,308,0,0,2018,new
3367,11,9,0,2018,intermediate
3368,156,420,0,2018,new
3369,53,35,0,2018,new
3370,138,27,3,2018,new
3371,657,380,0,2018,new
3372,6580,7084,0,2018,intermediate
3373,0,1,0,2018,new
3374,997,700,0,2018,new
3375,41,4,0,2018,new
3376,4,2,0,2018,new
3377,57,1,0,2018,new
3378,24,7,0,2018,new
3379,46,37,0,2018,new
3380,1528,576,0,2018,new
3381,164,136,0,2018,new
3382,1,1,0,2018,new
3383,28,0,0,2018,new
3384,183,93,0,2018,new
3385,68,3,0,2018,new
3386,4,4,0,2018,new
3387,306,52,0,2018,new
3388,2276,1359,0,2018,new
3389,111,8,0,2018,advanced
3390,4,3,0,2018,new
3391,192,32,0,2018,intermediate
3392,92,1,4,2018,new
3393,53741,80337,5,2018,intermediate
3394,29,27,0,2018,new
3395,401,371,4,2018,new
3396,22,24,0,2018,new
3397,73,93,0,2018,advanced
3398,23,32,0,2018,new
3399,9,8,0,2018,new
3400,526,564,0,2018,new
3401,59,10,0,2018,new
3402,484,2147,0,2018,new
3403,10,6,0,2018,new
3404,52,41,0,2018,new
3405,300,221,0,2018,intermediate
3406,2,2,0,2018,new
3407,1438,881,0,2018,intermediate
3408,457,72,0,2018,new
3409,31642,24994,0,2018,new
3410,329,38,0,2018,new
3411,564,313,0,2018,new
3412,2,0,0,2018,intermediate
3413,2,2,0,2018,new
3414,29,2,1,2018,new
3415,9,7,0,2018,new
3416,50,35,0,2018,intermediate
3417,129,2,0,2018,new
3418,15,10,0,2018,intermediate
3419,63,2,0,2018,new
3420,588,19,0,2018,new
3421,54,9,0,2018,new
3422,127,291,3,2018,new
3423,23,6,0,2018,intermediate
3424,2,2,0,2018,new
3425,30,5,2,2018,new
3426,1,0,0,2018,new
3427,7,0,0,2018,intermediate
3428,9,10,0,2018,new
3429,24,12,0,2018,intermediate
3430,32,17,0,2018,new
3431,46130,35245,4,2018,intermediate
3432,2,2,0,2018,new
3433,20,22,1,2018,new
3434,23,23,0,2018,new
3435,32176,17153,11,2018,intermediate
3436,42,33,0,2018,new
3437,11,1,0,2018,new
3438,983,823,0,2018,intermediate
3439,106,43,0,2018,new
3440,1231,343,0,2018,new
3441,4053,2211,13,2018,new
3442,496,431,0,2018,new
3443,43,51,1,2018,intermediate
3444,1,1,0,2018,new
3445,1889,889,0,2018,intermediate
3446,107,14,0,2018,new
3447,40,40,0,2018,intermediate
3448,3163,1591,6,2018,intermediate
3449,14,2,0,2018,new
3450,61,73,0,2018,intermediate
3451,18,18,1,2018,new
3452,40,23,3,2018,new
3453,114,39,0,2018,new
3454,1037,488,0,2018,advanced
3455,47,49,0,2018,new
3456,26,20,5,2018,new
3457,29,1,2,2018,new
3458,7152,4157,0,2018,new
3459,30,51,0,2018,intermediate
3460,60,25,6,2018,new
3461,9,2,0,2018,intermediate
3462,5949,544,0,2018,new
3463,3779,2148,15,2018,new
3464,2,2,0,2018,intermediate
3465,5,5,0,2018,new
3466,1,1,0,2018,new
3467,47,5,0,2018,new
3468,24,4,1,2018,new
3469,1,1,0,2018,new
3470,254,180,0,2018,intermediate
3471,48,9,0,2018,new
3472,78,11,0,2018,new
3473,889,133,0,2018,intermediate
3474,29,13,0,2018,new
3475,232056,214224,10,2018,intermediate
3476,2,2,0,2018,new
3477,256,45,1,2018,new
3478,55,4,0,2018,new
3479,1959,675,2,2018,intermediate
3480,5929,4490,19,2018,new
3481,2,0,0,2018,new
3482,1284,151,1,2018,intermediate
3483,6445,4710,0,2018,new
3484,245,76,0,2018,intermediate
3485,753,124,0,2018,new
3486,39,1,0,2018,new
3487,921,1060,1,2018,new
3488,598,194,0,2018,new
3489,35,78,0,2018,new
3490,8,8,0,2018,new
3491,156,40,0,2018,new
3492,114,2,0,2018,advanced
3493,4102,3262,0,2018,new
3494,1,1,0,2018,new
3495,4,1,0,2018,intermediate
3496,2,0,0,2018,new
3497,2869,2646,9,2018,new
3498,171,143,0,2018,new
3499,870,635,0,2018,new
3500,744,103,0,2018,new
3501,209,90,16,2018,intermediate
3502,1,1,0,2018,intermediate
3503,614,156,0,2018,new
3504,32,26,0,2018,new
3505,211,18,0,2018,new
3506,11,11,0,2018,new
3507,211,218,1,2018,new
3508,7,5,0,2018,new
3509,4979,2648,1,2018,new
3510,20,9,0,2018,new
3511,1367,493,0,2018,intermediate
3512,34665,35391,1,2018,advanced
3513,2,2,0,2018,new
3514,32,23,6,2018,new
3515,3,2,0,2018,new
3516,438,1309,0,2018,intermediate
3517,2,2,0,2018,new
3518,352,193,0,2018,new
3519,5,2,0,2018,new
3520,1898,561,28,2018,new
3521,9,3,0,2018,new
3522,24,57,0,2018,new
3523,119,40,1,2018,new
3524,240,119,0,2018,new
3525,5,2,0,2018,new
3526,224,15,1,2018,new
3527,28,2,1,2018,new
3528,586,420,0,2018,intermediate
3529,68,108,0,2018,new
3530,54,8,6,2018,new
3531,225,53,0,2018,new
3532,512,369,0,2018,new
3533,1,1,0,2018,new
3534,17,1,0,2018,new
3535,168,94,0,2018,new
3536,22658,20230,0,2018,new
3537,59,39,7,2018,new
3538,49,39,0,2018,new
3539,572,596,0,2018,new
3540,197,161,0,2018,intermediate
3541,1,1,0,2018,new
3542,1,1,0,2018,new
3543,0,1,0,2018,new
3544,50,11,0,2018,new
3545,7,272,0,2018,new
3546,1,1,0,2018,new
3547,251,129,0,2018,new
3548,5,5,0,2018,new
3549,182723,146748,50,2018,intermediate
3550,117,8,0,2018,intermediate
3551,214,221,0,2018,intermediate
3552,315702,251932,37,2018,new
3553,54903,45227,128,2018,intermediate
3554,202,12,0,2018,intermediate
3555,703,177,0,2018,intermediate
3556,8,13,0,2018,intermediate
3557,639,793,1,2018,new
3558,2,81,0,2018,new
3559,297,94,0,2018,intermediate
3560,50,17,0,2018,new
3561,458,271,0,2018,intermediate
3562,46,37,0,2018,new
3563,210,43,0,2018,intermediate
3564,1,0,0,2018,new
3565,142,71,1,2018,new
3566,12,9,0,2018,new
3567,15,0,0,2018,new
3568,1325,949,6,2018,new
3569,6,6,0,2018,new
3570,5,5,0,2018,intermediate
3571,1,238,1,2018,new
3572,299,202,0,2018,intermediate
3573,2,2,0,2018,new
3574,16,12,0,2018,intermediate
3575,816,403,0,2018,new
3576,36,1,0,2018,new
3577,12,2,0,2018,new
3578,1135,110,0,2018,new
3579,86,59,0,2018,new
3580,19,15,0,2018,new
3581,41,23,0,2018,intermediate
3582,355,0,0,2018,intermediate
3583,5,5,0,2018,intermediate
3584,172,0,0,2018,intermediate
3585,7765,7166,13,2019,intermediate
3586,1067,687,0,2019,new
3587,1005,411,14,2019,intermediate
3588,1,1,0,2019,new
3589,548,455,6,2019,intermediate
3590,1,1,0,2019,new
3591,1,2,0,2019,new
3592,1,1,0,2019,new
3593,1,0,0,2019,new
3594,2,4,0,2019,intermediate
3595,69,1,0,2019,new
3596,25,18,0,2019,new
3597,71,8,0,2019,intermediate
3598,2,1,0,2019,intermediate
3599,68,30,2,2019,new
3600,4,1,0,2019,intermediate
3601,600,514,6,2019,new
3602,2,1,0,2019,new
3603,1,1,0,2019,new
3604,22,1,0,2019,intermediate
3605,1,1,0,2019,new
3606,5379,5399,0,2019,new
3607,9,0,0,2019,new
3608,23009,29846,1,2019,advanced
3609,10251,4166,1,2019,new
3610,523,114,0,2019,new
3611,2069,757,0,2019,intermediate
3612,77,37,1,2019,advanced
3613,50,25,0,2019,new
3614,120,66,0,2019,new
3615,252,10,0,2019,intermediate
3616,48,1,0,2019,intermediate
3617,1,1,0,2019,new
3618,3,3,2,2019,new
3619,2342,2176,0,2019,new
3620,187,24,0,2019,intermediate
3621,137,19,0,2019,intermediate
3622,16,0,0,2019,new
3623,3,9,2,2019,intermediate
3624,157,1,0,2019,intermediate
3625,655,322,11,2019,intermediate
3626,31,1,0,2019,new
3627,3,3,1,2019,new
3628,1,1,0,2019,intermediate
3629,5,5,0,2019,new
3630,18807,19989,7,2019,intermediate
3631,9,16,0,2019,new
3632,19,19,0,2019,new
3633,104,65,0,2019,new
3634,15269,10842,16,2019,new
3635,15711,10359,0,2019,intermediate
3636,12,9,0,2019,intermediate
3637,0,3,0,2019,new
3638,37,45,0,2019,intermediate
3639,101,95,6,2019,new
3640,25,143,0,2019,intermediate
3641,1784,1545,0,2019,intermediate
3642,84,60,1,2019,new
3643,246,50,0,2019,intermediate
3644,57,15,0,2019,intermediate
3645,1,1,0,2019,intermediate
3646,4,5,0,2019,new
3647,1,1,0,2019,advanced
3648,146,42,0,2019,intermediate
3649,1,1,0,2019,new
3650,1,1,0,2019,new
3651,7,7,0,2019,new
3652,1,1,0,2019,new
3653,1537,1104,8,2019,advanced
3654,173,115,5,2019,intermediate
3655,34,0,1,2019,new
3656,385,217,0,2019,intermediate
3657,647,13,0,2019,intermediate
3658,48,3,5,2019,new
3659,50,50,2,2019,new
3660,1781,1734,0,2019,intermediate
3661,83,8,0,2019,new
3662,235,59,0,2019,new
3663,1,2,1,2019,new
3664,215,62,1,2019,new
3665,1,1,0,2019,new
3666,3,3,0,2019,intermediate
3667,2,5,0,2019,intermediate
3668,2,2,0,2019,advanced
3669,46,17,0,2019,intermediate
3670,10,4,2,2019,intermediate
3671,2,6,0,2019,intermediate
3672,296,81,0,2019,new
3673,0,1,0,2019,new
3674,0,3,0,2019,new
3675,105,105,1,2019,new
3676,2953,3320,0,2019,intermediate
3677,32,32,0,2019,new
3678,61,97,0,2019,intermediate
3679,2488,2220,4,2019,intermediate
3680,8,3,0,2019,new
3681,3,0,0,2019,new
3682,5,4,0,2019,intermediate
3683,195,32,0,2019,new
3684,19,6,1,2019,new
3685,1070,732,6,2019,new
3686,1076,553,0,2019,intermediate
3687,2,2,1,2019,intermediate
3688,1,0,0,2019,new
3689,3582,1963,0,2019,new
3690,51,48,0,2019,new
3691,12,8,0,2019,advanced
3692,2,2,0,2019,new
3693,14,14,0,2019,advanced
3694,179,87,0,2019,new
3695,127,92,0,2019,new
3696,53,73,0,2019,new
3697,70,8,0,2019,intermediate
3698,7,7,0,2019,intermediate
3699,17,14,0,2019,new
3700,1,1,0,2019,new
3701,2527,2448,0,2019,intermediate
3702,58097,158976,2,2019,new
3703,695,605,1,2019,new
3704,654,798,1,2019,intermediate
3705,6,2,0,2019,intermediate
3706,28,312,0,2019,new
3707,208,125,0,2019,intermediate
3708,191,279,0,2019,new
3709,12,45,0,2019,new
3710,1,1,0,2019,new
3711,69,0,0,2019,intermediate
3712,4,10,0,2019,intermediate
3713,26,13,0,2019,advanced
3714,5987,125,0,2019,new
3715,45,21,0,2019,new
3716,13,6,0,2019,new
3717,4,9,0,2019,new
3718,1,1,0,2019,new
3719,60,6,0,2019,new
3720,25026,33908,4,2019,new
3721,2,2,0,2019,new
3722,122,20,0,2019,new
3723,6802,6518,3,2019,intermediate
3724,26,4,0,2019,intermediate
3725,144,95,2,2019,intermediate
3726,8,5,0,2019,intermediate
3727,18205,15225,0,2019,intermediate
3728,14,14,0,2019,new
3729,3,4,0,2019,new
3730,1,1,1,2019,new
3731,41,0,1,2019,new
3732,1,1,0,2019,new
3733,44,1,0,2019,advanced
3734,92,28,0,2019,intermediate
3735,1268,869,18,2019,new
3736,1,11,0,2019,intermediate
3737,183,183,0,2019,intermediate
3738,34,1,0,2019,new
3739,12,9,0,2019,new
3740,2,2,0,2019,new
3741,93,104,0,2019,new
3742,1705,1382,0,2019,new
3743,78135,56002,97,2019,intermediate
3744,742,701,0,2019,new
3745,80,59,0,2019,new
3746,1239,1474,1,2019,intermediate
3747,8954,8542,4,2019,new
3748,81,79,0,2019,intermediate
3749,141,71,0,2019,intermediate
3750,14,8,1,2019,new
3751,1,0,0,2019,intermediate
3752,17,12,0,2019,new
3753,14,1,1,2019,advanced
3754,1,1,0,2019,new
3755,100,52,0,2019,new
3756,586,746,0,2019,new
3757,86,14,0,2019,new
3758,6,28,0,2019,new
3759,93,44,0,2019,advanced
3760,4,16,2,2019,new
3761,1616,93,0,2019,new
3762,7,4,0,2019,new
3763,60,14,0,2019,new
3764,233,208,0,2019,intermediate
3765,1373,955,2,2019,intermediate
3766,6448,4176,43,2019,intermediate
3767,101,37,1,2019,intermediate
3768,81,48,0,2019,new
3769,1622,310,0,2019,advanced
3770,1,1,0,2019,new
3771,101,3,0,2019,intermediate
3772,3,6,0,2019,intermediate
3773,249,215,1,2019,new
3774,109,28,4,2019,new
3775,1,1,1,2019,intermediate
3776,54,11,0,2019,new
3777,71,4,0,2019,new
3778,6,6,0,2019,intermediate
3779,18,2,0,2019,intermediate
3780,39,11,0,2019,new
3781,83,0,0,2019,new
3782,16,16,0,2019,new
3783,1,1,1,2019,new
3784,2,9,0,2019,new
3785,21,20,0,2019,intermediate
3786,217,220,0,2019,advanced
3787,4,4,0,2019,new
3788,25,119,0,2019,new
3789,65,148,0,2019,intermediate
3790,45,41,0,2019,new
3791,71,5,0,2019,intermediate
3792,4,4,0,2019,new
3793,8,16,0,2019,new
3794,1,1,0,2019,new
3795,372,323,0,2019,intermediate
3796,62,1,3,2019,advanced
3797,14,14,0,2019,new
3798,136,3,2,2019,new
3799,134,8,0,2019,intermediate
3800,34,12,1,2019,intermediate
3801,0,12,0,2019,new
3802,10,10,0,2019,new
3803,1,1,0,2019,new
3804,14,16,0,2019,new
3805,50,0,0,2019,new
3806,886,257,0,2019,intermediate
3807,2,2,0,2019,new
3808,45,45,0,2019,new
3809,3287,7353,2,2019,intermediate
3810,87,77,0,2019,new
3811,24,4,0,2019,advanced
3812,43,35,6,2019,new
3813,32,4,0,2019,intermediate
3814,2,4,0,2019,new
3815,23,0,1,2019,intermediate
3816,6,2,0,2019,advanced
3817,69,25,1,2019,new
3818,814,677,0,2019,new
3819,157,0,0,2019,new
3820,258,549,3,2019,new
3821,4,1,0,2019,intermediate
3822,41,36,0,2019,new
3823,277,177,0,2019,new
3824,26,23,5,2019,new
3825,14,14,0,2019,advanced
3826,19,18,1,2019,intermediate
3827,138,63,0,2019,new
3828,10,0,0,2019,intermediate
3829,1377,1325,1,2019,new
3830,2,1,0,2019,intermediate
3831,6447,4885,2,2019,intermediate
3832,19301,8975,14,2019,intermediate
3833,579,274,0,2019,new
3834,228,39,0,2019,intermediate
3835,6,2,0,2019,new
3836,1253,469,6,2019,advanced
3837,3,1,0,2019,new
3838,192,112,3,2019,new
3839,8,8,0,2019,new
3840,326,112,4,2019,new
3841,715,667,0,2019,intermediate
3842,1332,1023,1,2019,intermediate
3843,57,26,1,2019,intermediate
3844,3,0,0,2019,intermediate
3845,56,56,0,2019,new
3846,129,676,0,2019,new
3847,279,262,0,2019,intermediate
3848,4,3,0,2019,intermediate
3849,159,0,0,2019,new
3850,354,40,0,2019,new
3851,2,2,0,2019,new
3852,1,1,0,2019,new
3853,1115,74,0,2019,intermediate
3854,38,49,1,2019,intermediate
3855,137,510,0,2019,intermediate
3856,936,576,1,2019,new
3857,14454,14124,55,2019,new
3858,8877,7723,29,2019,intermediate
3859,1,1,0,2019,intermediate
3860,180,186,16,2019,new
3861,53,23,1,2019,new
3862,54,17,1,2019,new
3863,3,1,0,2019,new
3864,2188,2160,2,2019,new
3865,388,299,1,2019,intermediate
3866,2639,3384,0,2019,intermediate
3867,414,199,0,2019,intermediate
3868,44,44,0,2019,intermediate
3869,8,0,0,2019,new
3870,55,114,0,2019,new
3871,8,1,1,2019,new
3872,177,30,0,2019,intermediate
3873,55,9,3,2019,new
3874,1,1,0,2019,new
3875,5,2,0,2019,new
3876,35,4,0,2019,new
3877,5766,4334,9,2019,intermediate
3878,83,5,0,2019,intermediate
3879,18879,12500,0,2019,advanced
3880,37,28,1,2019,advanced
3881,37,5,0,2019,new
3882,50,12,0,2019,new
3883,15,4,0,2019,intermediate
3884,60,7,1,2019,new
3885,6,0,0,2019,new
3886,404,398,0,2019,new
3887,1,1,1,2019,advanced
3888,290,200,3,2019,new
3889,115,0,0,2019,new
3890,20,34,0,2019,new
3891,44,13,0,2019,intermediate
3892,7,7,0,2019,new
3893,190,67,0,2019,intermediate
3894,9,2,0,2019,new
3895,9,1,0,2019,new
3896,441,435,1,2019,new
3897,5573,4668,0,2019,new
3898,20,0,0,2019,new
3899,1204,428,0,2019,intermediate
3900,99,19,0,2019,new
3901,12,12,1,2019,new
3902,4427,2290,10,2019,intermediate
3903,26626,26922,2,2019,advanced
3904,239,235,1,2019,new
3905,38212,31637,0,2019,new
3906,1,28,0,2019,new
3907,3909,3715,0,2019,intermediate
3908,547,2424,0,2019,intermediate
3909,159,15,0,2019,intermediate
3910,1,0,0,2019,intermediate
3911,206,37,0,2019,new
3912,8,8,0,2019,new
3913,392,195,0,2019,new
3914,230,152,1,2019,intermediate
3915,5608,57,0,2019,intermediate
3916,3,4,0,2019,new
3917,134,39,0,2019,new
3918,124,2,0,2019,new
3919,3,0,0,2019,new
3920,1,1,0,2019,new
3921,3556,983,9,2019,advanced
3922,41,8,0,2019,new
3923,2,2,0,2019,new
3924,295,23,1,2019,new
3925,298,34,0,2019,new
3926,53,35,5,2019,intermediate
3927,41,5,0,2019,intermediate
3928,4,0,0,2019,new
3929,1,0,0,2019,new
3930,1484,656,1,2019,advanced
3931,62,0,1,2019,new
3932,33,4,0,2019,intermediate
3933,203,75,0,2019,new
3934,157,157,0,2019,new
3935,17,15,0,2019,new
3936,22,7,0,2019,new
3937,4,4,0,2019,intermediate
3938,1,2,0,2019,new
3939,8,6,0,2019,new
3940,69,7,0,2019,new
3941,5,7,0,2019,new
3942,15,15,0,2019,new